credential_id,student_id,institution_id,credential_type,program_name,issue_date,expiry_date,honors,gpa,credential_hash,blockchain_tx_hash,status
a2bf5ca1-cf2e-4b67-a46e-4cae1720e7c4,35-6148-589638,11111111-1111,Diploma,BS Civil Engineering,2021-11-24,,,,dbbd5b45e7c0a165ed1947793122847e7c6de21e1ffa8f4775f726eddae0693f,babfd7da255e803f93e2b1754f69e456aab93425985923e731e4466143595513,Revoked
b0319d7d-08bf-4709-8ca4-cf892f5c040a,76-1910-761428,11111111-1111,Certificate,BS Civil Engineering,2022-08-15,2026-08-14,,,4fd3f478f61ad488b1c684f94b1224c63094e89818aac3f0770d9ff54ea7453a,ae4e621c90f58bb3e572892d0a07fc0c2082d951a26641f440a05a6199934528,Issued
69ce1560-da19-4aed-b189-104ba5fae59e,68-6216-384630,11111111-1111,Diploma,Bachelor of Secondary Education - Science,2026-01-28,,Summa Cum Laude,2.9,c86839b2537876514ff6bd958627a5972eb0554c7f38647d0f64cd1617f84951,d8accae22a28f60045632b1b6fcd7e700cb930271053b6315b3f95e3e5c3eb77,Revoked
1e3070d2-1dd7-4b14-b262-3e20aae62833,37-9649-002002,11111111-1111,Certificate,Bachelor of Secondary Education - Social Studies,2020-02-09,,Cum Laude,3.71,04ce20a318a6427e4583ec7050c8c3b2c6fb20d012d41279079ed048dc179586,134282e1022bde80bfae2cb351a1dd8f5785cb81249dff2cbc31beb0cff55532,Issued
8ecd1585-1a6a-4d13-b986-4b148c579ac8,68-4915-916260,11111111-1111,Transcript,AB Political Science,2020-06-16,2024-06-15,,3.7,474a6c4a7b80262d93c1f6056089c61bf416ad20020cbd4fde9e3a264387d2fe,27862fa28944038f38f109ee43621525e0507095c292593b94792c7a01053824,Issued
07587dbb-14eb-41a1-b17c-f7b72cf20618,61-4664-711649,11111111-1111,Diploma,Bachelor of Secondary Education - Science,2023-12-09,,,2.1,c51c2784216872c8b0ceded26340c05cb2839f3dcf8627a063eba4b20683eca8,acfacf55ecda8750dcafee427c053d103a09109ab03b31b3438c6dc5358a6496,Revoked
b50a7cd0-baaf-4bc7-b50a-4f7f5e0fba01,82-7250-209904,11111111-1111,Transcript,BS Business Administration (Marketing),2024-10-14,,,2.99,1619a0c4a3aa9e9a18c47ffcc9c8a2e14953e73cbb248b50607fe705a89db78e,e00abc851b2afda216ef726b22196d8f3d8868a14402a88f166548e5bbb6ed34,Issued
24463b40-134c-4cd7-a7df-b3831f40c0bb,29-1325-574309,11111111-1111,Transcript,Bachelor of Secondary Education - Biology,2020-01-19,,,3.5,38aad19bc1343c4d11619e73436d97f1895aa19c9b077aca0f8c292699f8685e,d2c3a0620968b6eb8f23371306665bdb4cd29eaf6ecc75384c710d2b89c406b6,Revoked
92543861-75e6-4dd3-a725-65531c0ebd94,09-8886-353891,11111111-1111,Certificate,BS Computer Science,2024-05-05,2028-05-04,,2.15,2ed3991d3f67f26108b5fd7de3ca00cee634cd18944824c8b3baaebef3b0f891,84029f8569737d53e0119ae54d14462ee1606fadd97ec0143502a6889fdfc68a,Issued
7dd99139-ee77-40b1-b49b-b350fbce4d31,69-3620-126270,11111111-1111,Certificate,Bachelor of Secondary Education - Biology,2025-12-06,2029-12-05,,2.68,0cf7c476c4674abc190f11835f82b9b413a3df3977f742c4e05d1d0f7a801bad,dc67c0ecbdade78b7252473a7b065622de5dbbdcbf2e6a7bbdb5287ae47db333,Issued
99c322f6-ec4c-402d-a394-b66ed6d955b4,86-9050-567160,11111111-1111,Transcript,BS Business Administration (Marketing),2026-06-19,,,3.75,51fa5e46d7b0765c432033c91ac6d394a936433bc6f0b7d095f717ebb6099708,72bc8c7449f6df4381140ba9c464bdb38106d5774eb3aa835e35e2c32f6550df,Revoked
b74b06f6-eda0-48c1-84e7-510a7ce577b6,23-9437-187460,11111111-1111,Diploma,BS Physical Therapy,2025-02-23,,,2.73,55230924a36ffcb016aa4e6e6a2d96cd302dd865e6e83623984e912ff9b11678,71c044b6c3ed00e7adaae82facaa82a5ad922ce7ab468a58389c9ab329372dd7,Issued
fc30d1d1-31f8-4a59-8811-056827c90b20,29-6408-015456,11111111-1111,Certificate,BS Accountancy,2023-02-16,,Magna Cum Laude,,57952374e7b5d33af2a223c2117ce984e67582173ee6701b62e5aec6ad9e3972,02204fce9973a22b61f410333ad1c200e7de49970017d96c2033f4d839b1be7f,Revoked
e01a64b8-91b5-49a0-a604-52c9a85ec479,66-6638-550561,11111111-1111,Transcript,BS Information Technology,2022-12-15,,,3.64,4b2715e05fc2ea666eb7088cd98aee52e9f4190088388eb3bae397b559d83319,43bffe2e5fb7c49120030759552805faaa4db8fd0e14ed72df971ee9aabadf89,Issued
df88d456-d06a-4e74-a917-6318279a2a98,41-5141-661163,11111111-1111,Transcript,BS Electronics Communication Engineering,2026-10-16,2030-10-15,,,179e9aaaffb15f9d3f420e17be54885781348e0d9a1cb5ffd208510b9b6da8fb,b12165eb3073733ab25b2bc93420adce13c47c1087bc02beec563000c41bd80d,Issued
4da6d71d-42ba-4357-a5dc-ad22ee486fe6,23-0695-585661,11111111-1111,Diploma,BS Information Technology,2021-05-28,,Magna Cum Laude,3.09,42cbab1f305d918b67b3e24fb9825ff395f7fc53fab4a3754c8e67c1ce7c3b2e,74cb5a33c82f4e4f813dba8c684a03fcaae720519008bcc88be5966dc7020949,Issued
24ca5b3a-e130-4aeb-b729-cd8736035457,34-1505-923680,11111111-1111,Diploma,Bachelor of Elementary Education (Early Childhood),2023-12-12,2027-12-11,Cum Laude,3.69,97059e88c29020358d70a08d9118db1bd9338686e6120738921dd3107e00fc15,6e23a66f598d5b63c40664d06cfcfa25cc8d0eafdef351c324938afc6b1d474b,Issued
7db6040d-5b14-43e6-aa2d-32e682189e6e,40-3944-716381,11111111-1111,Certificate,Bachelor of Elementary Education (Early Childhood),2022-10-21,,Magna Cum Laude,3.39,ff4059349ee2a4b4a536e2ab8c2dd507b9659c681b035a487bcbe8e690f0b302,dd39969e44f642ef7aa3588744ee96f8ee69c4ddff5c88ca57543d2f39cd65f2,Issued
422c5a99-3f0b-49c6-a2b7-bca2f4777959,86-7765-294342,11111111-1111,Diploma,Bachelor of Secondary Education - Filipino,2024-06-05,,,3.95,51ccd94e32fa7b1066036af4085f3ce89b0edc1c2d97626be214bd044b40b30f,8c85e6e01c247d2f259c0621ccc17f418f3b471c465262d55903a13c52f09b1b,Issued
19efc175-35ba-4f42-8c27-1cb197247f33,09-2168-098048,11111111-1111,Diploma,BS Nursing,2022-03-06,2026-03-05,,,46e4ccfd7728581dc9d6f8def1a153ad618bcc0123481f9b7a6b116df355f0cb,5fc29e7a811645bd884dbf031b046c7beb70d99764ce30a2682135bf06d68a1e,Revoked
89fe4844-0c27-4440-9bef-091c45b75cf6,05-5083-008033,11111111-1111,Certificate,BS Business Administration (Finance),2024-11-19,2028-11-18,,2.51,02ea945448773f1ad96fdef6241e0c52b2aea2119482372358e5021a50f6743a,fa928f4c00cbeddd6b2c297a8f010e9216b6c19c3ec290ea41ea38de9b808e5f,Revoked
bb24763b-6257-4959-9370-9db6c482ef01,56-3102-932407,11111111-1111,Transcript,AB Political Science,2025-10-13,,,2.57,b10d4f971eae319c76f57da785c0f120a71aacf87f5058b5f76ad16aa4a43394,00179d1f755227080cd2a0cb66acd3502ac2f2a6e07c1296fd044b565974c6c4,Revoked
52ecf91e-bef4-44f5-a3a0-9271c80428d0,18-7299-876880,11111111-1111,Certificate,Architecture,2020-01-02,,,,8ccc42a9c22714cadc24182c69977f65aae0375b654c27475c47b7c649c48ad9,27ae2475404548eb1be87a4307d61cb91eab84eb8bc816fa4862cc08e8f434a8,Issued
5fbae290-fd32-43c1-b4f4-52b317533b2b,06-5655-725381,11111111-1111,Transcript,Bachelor of Secondary Education - English,2022-01-05,,,2.19,b474756737ede2da13931bb73312538d94334649d52d5c7ae8b9ac123fb2bfe9,86f59a95759f856c005553ccfbd3c28c7e9af33031fc0b59e6ae2f009607f02d,Issued
10ef97f7-580f-4f3a-b07c-7e068a3318fb,16-2399-569851,11111111-1111,Transcript,BS Business Administration (Finance),2020-05-09,,,,2f7d94e62da3ea5369ee37d1b169120adbe65c91e5cb6be04e3f054d22965eff,da2e17c4ad297f2b3c0b1b3e3558f2d806330e88e7f002007b958de832c31af1,Issued
7de9749a-56c2-4593-995b-f3522a4d8e45,16-7345-255109,11111111-1111,Certificate,Bachelor of Secondary Education - English,2022-04-15,,,2.36,ad1ed18ea9b3c7fd1dce40d30662b85864e05ef54e6bb39ffaeea4da83b2a9e5,c78315036bd34b8236264768f178a33023d71365e3668e7eaaed1f861ec9655a,Revoked
f72fbc7f-5cdd-4ca6-be6f-daf0e50eb71c,39-8555-306773,11111111-1111,Transcript,Bachelor of Elementary Education (Early Childhood),2023-12-03,,,3.36,eab538d5e29ff4895e6a356560faaa1313cdaa90fdf1ad7ed83265894888cae8,e5ff8c9b8f0addb216eef9f5bb87300d0e5be94672e6491af40a4bf771a47bf7,Issued
78a5e742-d3e1-4d9e-b0ac-c4eec318f588,00-9995-833002,11111111-1111,Certificate,Architecture,2023-07-01,,,,8d0ebff21b1fe26d1fc8d6d5fdd2b65313daa413329287b971808293e5c89b2d,5e66ecf36aaa8df1e789f5b08018096ad667cd981c94f31beebb3d625ab2cb4f,Revoked
dab9b018-561e-47ee-ae34-1bc196e0cc09,24-9941-481578,11111111-1111,Certificate,BS Medical Laboratory Science (MedTech),2022-12-07,,Cum Laude,3.96,eaf2028c04620d7db4f9149d49fd91f26d6120eca5f25870ca8d84885acc6554,ebd99d56670e9a2195cf466b98fa2e29156ba290c7d51dccb1ba26163ff95de8,Issued
8900af9a-589e-473a-85de-792a683f7875,35-7786-616337,11111111-1111,Transcript,BS Accountancy,2023-03-14,,,3.48,d88bf10419d347cd552aa45631068b3212e9b5235ff309d0d5422f8806832b75,ec91d2e78a3457af1460f7b221ebb0111c76dd049820e1f363d899b7894fc50f,Issued
3eb684b2-1d52-4920-b30d-5353cb8c5960,63-3073-287063,11111111-1111,Transcript,BS Hotel and Restaurant Management,2021-12-09,,Cum Laude,2.44,84b858f641b9eb4689f3fa2270927066e49606abe5cdf62f7770934f68c3a95c,dda7bf93cfd3f54dbb8dc77f05a7b7581c83af923df96797a0be69927fc75120,Revoked
c1faf86e-df32-46b5-86d7-1f05c5fec70f,56-3102-932407,11111111-1111,Transcript,AB Political Science,2025-05-20,2029-05-19,,2.67,0547ab5621a710ca0f4ed23826c1236d0e89c6d0c33bfbe4609cbb82c141fb38,c6bab90ec1c7fbd03f8b1869d069d54b7dea7023954fe83118ef5c121184aed7,Revoked
a945c90a-def0-4ccb-a191-c67ad416080b,48-4467-520751,11111111-1111,Diploma,BS Computer Engineering,2020-10-29,,,3.41,084d7abaa4f59ea4dd51ae9b723d04cdef5ffd4cc93328f9a1fc76d6dccb0845,6ed178a6f8a16be43480a8d9f3928f9c03d1bd93a89ca33e7e4718dda021e10d,Issued
bf1d50bc-4997-43e4-80fa-fac09f7cbac8,95-9980-233182,11111111-1111,Certificate,BS Computer Science,2026-08-05,2030-08-04,,,92a336d05d30147ddd180112d05fb306ff28f976ddff466dda863685b70f3d7a,a09f517bfac4362e5ef6fb64fa1dde33fb82a406925e3d7012c8ef51f9d5c3be,Issued
073ed8bb-e0fd-4756-9ea6-970ad6abd452,53-2574-394104,11111111-1111,Transcript,Bachelor of Secondary Education - Science,2026-03-11,,,,557e7f1cf847a6ffbd0288bf508627e5024ad63b7831bb2e688d0104a89b9845,419c6ff78d2bbfc8ef6abb54b4337cbd333e45c2fc2de66bc23540bf6f2cbd53,Issued
d2dee10f-b6e3-4853-b9e0-725ec44567df,22-1650-513751,11111111-1111,Transcript,BS Criminology,2023-04-07,,,2.27,202ef0f7bb43583ef047be9f24a534671a13eb39978e48d800e8b12e53346f56,a0b79587ae6acf4fa7ca0563c19020a129eb18d5a122f6849e3e0fbafb3cddca,Issued
f8faab10-e9d5-47b7-8869-c1fd1eeffe22,40-3944-716381,11111111-1111,Certificate,Bachelor of Elementary Education (Early Childhood),2023-10-24,2027-10-23,,3.28,2a1565ae3c7902e9d42ecf45534ddc11773eef3e5e9b2b5b46506bf2986abc6b,2436615643cb57a57fcd178efbc117ab61920c82f1f2d2ef05fc138607aaf77e,Issued
e46e2874-baa9-4427-acb9-03b3816db445,37-9024-144072,11111111-1111,Transcript,BS Information Technology,2023-11-16,,,,d5ece715889d3ea3fc7aba9ffadca0d5ac40837e0a6b6c286ae844f5c8bfb036,abc9160233a964aab39b38cddbe84193623af009e3fcbea26af6df5904401ef0,Issued
a4d877db-4857-417e-8e99-e02fda6a77c5,39-8555-306773,11111111-1111,Certificate,Bachelor of Elementary Education (Early Childhood),2024-09-02,,,,ee1f636cb2122ea0c2f90844114eaa94c75901ddf0155c56407beb7216dd3297,72b9970212f7ea46febe2f0b462d80be3c4cbfadbee8ff3031bee560ffdc44d7,Revoked
1d58fe61-e3c9-4170-8315-7696287f51a0,29-0526-189682,11111111-1111,Certificate,BS Hotel and Restaurant Management,2023-04-28,,,,9ec27ef6c2fb4d59ff8cfda2e016710d0741153d6c9cd35a1f8a9577d795198f,3bdec0f43ee11a7727be60360626090afc4fa5e0446b673011579f50451d6b02,Issued
bb329681-c29e-4ef8-b43c-72eebcf3a092,23-0695-585661,11111111-1111,Certificate,BS Information Technology,2021-04-27,,,,504b9d470c84f574efd29ff689661ef6357ad76ca659cc39f781560829ae566f,e0220bfcd526b6312bc2e5c1d4af30a11d74e0fb7156fd5cd7a20d19c51cc1fe,Issued
0367d986-c291-4748-bbe2-8f3fb5ae9dfd,29-0152-900612,11111111-1111,Diploma,Bachelor of Secondary Education - Science,2020-05-02,,,2.8,05849cd7800fff02c0751ec601385bf63beabd11abc6fc1575e2fbe33767eec5,6fe4ab1eb0e20dd402d5a4a1876f3cd762a210ae193e3201b0d204634e449e17,Issued
1d513767-d2a1-4910-8285-0709d003557e,84-2186-020666,11111111-1111,Diploma,Bachelor of Secondary Education - Social Studies,2023-07-11,,Cum Laude,3.5,0d3bf78bf128c62d70257245c7ca14dcc4003aa9ca9dd7e418206db1c4444dec,a67c544a56d17d0ab2fc315b42c1e35df945dfa177e473aaf1334c13bbf46c52,Revoked
014ae4aa-e0f9-4b18-9fa6-19ccbe7a52c5,26-2562-236504,11111111-1111,Transcript,BS Nursing,2025-05-23,2029-05-22,,,cb889b1c8cf639f8f0bc9907131e7a2fd048c0db612225990367ac59fffddbe9,196792600b6d8b6ac4bb99225082e59b06a05e9ad4e95fe164184f050ffe9486,Issued
9ff573e0-8447-43a2-8184-2b636d5ddfa0,55-6028-254170,11111111-1111,Diploma,BS Computer Science,2021-09-08,2025-09-07,,3.16,ad3ba559309341e780d4a2409c9d8557679183d608e70af798ea51731d4ff68d,ae99f1ff8836bf21a633d2ffdc001afd2613ba9a7730fd851742ad56499b1634,Issued
ed42ab02-b773-4d79-9a1c-5c7ac715b1e3,84-6824-048900,11111111-1111,Diploma,BS Tourism Management,2026-07-14,,Magna Cum Laude,2.72,f2a25486ae96a305e6d7e55924ef4e2009da0f0c552537d12d0ec4698923f955,511e0d40017214373ae5e3ef34da1f958d52f7e664706a552187be3d23d26c56,Revoked
8c7febe1-fb0b-4fd5-853a-274e9cc736e1,09-2990-834163,11111111-1111,Transcript,Bachelor of Secondary Education - Science,2024-11-24,,,3.22,85ade5f6b1b04c3dc386f0e0c6315cd139ee248c7460c7e9659bffc1a7c50649,b147081d29acdde985232fb2b5985864403d3882182304bc9c51928feaff3f3b,Revoked
06addfe6-7015-473c-818d-1533307424eb,13-9242-280413,11111111-1111,Certificate,BS Civil Engineering,2022-06-27,2026-06-26,,,6f9d775c72ef78c5d8a92de1675d0e5a76e280ac929b4b3d95bbbd16fea3afb2,f03a6c7214dd672b71eebd87eccf6e0d4af873252d6ca5fcdceced43b350d5f7,Issued
b08b53cc-dc13-42af-b6e8-14a4e796756f,68-1538-558046,11111111-1111,Certificate,BS Accounting Technology,2026-06-27,,,,2916136c34657a134ba89f211ebd57c45a7dee6392e6465018db4a3b4349a591,c70563a7d2a4e69afae54432c507178c07c458c9054a78ebcf1375bc174598af,Issued
e1c75ae5-4741-4894-876a-5faa7f310ac1,89-7873-488312,11111111-1111,Diploma,Bachelor of Secondary Education - Biology,2024-03-17,,Cum Laude,,0624440703079a5dd5dd7aaccc8d4644b4ac3819c02b23a0b70e03a6ac72d3d6,f2b6f5d6de68e797ada1665142cedfb83599c6c4561426b92cf9e68d38cf3308,Issued
7908c648-b6ed-4b9a-bc68-700c5af41d21,68-6216-384630,11111111-1111,Certificate,Bachelor of Secondary Education - Science,2023-03-18,2027-03-17,Magna Cum Laude,,afd89563ae45891fdaec1fa8886ad789d8d85b46238c067f227c6dc27957578a,787c18810d747ef76ccadee158e06e5c4077aa18a998c8807a8f63aa1281acb2,Issued
35f3e31a-21e4-4430-820f-96923fadd28d,39-9694-546040,11111111-1111,Certificate,Bachelor of Secondary Education - Math,2023-09-09,,,3.3,807124fa6e185bfd7922ab26c033d0a5f6011db8a77c286bcf54d7d8a0713322,c8fa185533d1c9dfda649027902cc8f503ed000fb0861cb9700f1f47d68772e5,Issued
2401ca9c-9a7f-42d1-94b7-df07e1b71c84,03-3636-756285,11111111-1111,Diploma,Bachelor of Secondary Education - Science,2026-10-25,,,2.04,8500aa038d2626b0fb951d8a368cf3574f5de03c5b897b55bdfbcc10458106e1,4940c90504b065854f11df691ace6ace72e10d5a5361b2c56d04dbdbd14832c1,Issued
d5dadadf-55c1-4792-8905-c9a63188be05,46-6807-614451,11111111-1111,Certificate,Bachelor of Secondary Education - Math,2020-02-14,,Cum Laude,3.08,98ca417b3f87ea57829ce1f6c9faada8e14a2399b706da41e3c366e5b2f43bdd,6417078e38441ff22d30a263dc7932cfa1a4794b214034c0a354918477ed6355,Issued
2f1a74fc-93a6-429d-b528-0a6cb536798c,13-3600-611862,11111111-1111,Transcript,Architecture,2025-12-15,,Magna Cum Laude,,9197670979974b36462a4b3b52fa866c29c1f8ef945965406e1d7edc1a0b724f,b42995b93390d4eb2fa284b92e8d98c436795ade6c24b7e6e53eb7d96fe092a0,Issued
007b9655-8571-4293-920b-900b648aaa0a,89-6726-632879,11111111-1111,Certificate,Bachelor of Secondary Education - Filipino,2022-03-21,,Cum Laude,3.61,d58cc32a91e82fb1e31f93449230c242aecef17b0129ed7e699407e403f62200,cf926a88ff8de1aa013fd25f356ac80eb566953043862175176fba69894e64cc,Issued
8d076faf-dc26-48b8-a3ea-807dc1a18dbd,86-7765-294342,11111111-1111,Certificate,Bachelor of Secondary Education - Filipino,2021-02-20,,Cum Laude,2.03,11072bb04e4f687a16cf16fcc97ee97b404f7809632902a842f8645a32339dde,677ad513f8ac418912d7b7cab60e8188c219321e46e42f584b9426e82c878f10,Issued
21126c52-21a1-482a-bf37-43c3a38caf7d,29-0526-189682,11111111-1111,Certificate,BS Hotel and Restaurant Management,2026-04-02,,,3.06,24f108a9df1d78d5e5801c5f01dd4f8849677d7eb28dbafb01efc72241f77b6f,bc635aa6732a3928b76ef7709fec63d250ef61714ac415aa6cb21586a742ade0,Issued
885edc00-8c05-48f1-a8c4-2949e99aecff,19-2291-614806,11111111-1111,Diploma,BS Tourism Management,2023-08-01,,Cum Laude,3.95,a8a7c6da4fb0d7349ab0a4c625e1ddfada3eab54254303e7677cc5990b549c3a,7c2749fe20cc26175568e18d2d3b722b10d02db3cc51afeb5e8fd6fc02794945,Issued
f9324258-1ac4-4bf9-bbeb-db1a57297a52,24-7978-363576,11111111-1111,Diploma,BS Electronics Communication Engineering,2023-08-16,2027-08-15,Magna Cum Laude,3.46,227a605c367aa397c19bbf1db9e9ef853b71d0e395730b2fd3d10465e8aead7f,97e8fb2044d02eab28739fff0e7cd16397480b979bb754febd28bf86e5d034b1,Issued
19d3f52b-b5eb-4991-82a2-bae2628e806a,67-7721-395548,11111111-1111,Diploma,Bachelor of Secondary Education - English,2023-02-27,,,,a87f2256e5fa9ab8dfb6533d2731f964b8cecd11e390f2d17937767e0bb585b5,363b5f7e90fa48a273f9557d47d86af15f8e8b52dc841e0e99da5facbd0f4472,Issued
970871f8-0153-41eb-b630-51b826c97368,64-0610-061317,11111111-1111,Transcript,BS Tourism Management,2021-10-22,,Summa Cum Laude,2.29,91d26a1474234e42ff905b8fdfeeb57ecae6397582cbea5a68a6e8cf13a7a3d7,e206cf4551176efc6a8faeb79f0a2eb38a1ef40f0440aeb5287b3e6db8b3fb7f,Revoked
93177332-6d20-4378-9fb0-b70349839e00,60-9365-635409,11111111-1111,Diploma,Bachelor of Secondary Education - Science,2023-12-20,2027-12-19,Summa Cum Laude,3.35,46b2ef3fa1c8562db1b11f4bd2763186813037297e81cc3baef878cd80526c71,a25c08862192e1cfb2dc520bdf74cfe6e627fd537f788d956fb3624fc8410f5d,Issued
d7f169f6-35ad-44f9-9d15-18736d41f4e6,08-4455-536501,11111111-1111,Transcript,BS Criminology,2020-08-17,,,3.06,0f47662c0a1e433861fa074a0356043cce87a445996254498f4f8fcfa0e438e5,3b8c4250cff120e6fb536514f9912dd9e0005c7b420a3c5313425d1918706182,Issued
eb09857a-bf2d-4693-8f21-ae6cd23d9f89,80-4041-200086,11111111-1111,Transcript,BS Criminology,2021-08-05,,,,ef8e5c6d19b4ffc133d5d5e6eeae315bd5e2adb25b376b766777fcdfba2ff1e2,4798b6d49ac614226e259ba720e91fef14f42fec07ffddbbcc14501c569cdcf0,Revoked
390b5941-f24b-4bac-b708-05d417bba3f9,35-6148-589638,11111111-1111,Diploma,BS Civil Engineering,2024-03-24,,,3.68,5be495f0542ab21c0365f60a58f8ed538159cf9f69a2d51eebdd643ecdd4004c,c7741fc85a346756fd9cf863ced51768fede6cc5223344b5a98ed1877ea90837,Issued
3e8a3b1b-937d-408d-87e7-9f8d18025b54,35-9980-892417,11111111-1111,Certificate,BS Physical Therapy,2021-09-03,,,2.85,808fd9db2252b94aa4c335adb4a382c8012a589920669ac61f742789a7d8e788,998576622a5e8b2749a3175ddfab600895e07fca95d6df162ef048ddd28cd8d9,Issued
fd920706-dd46-4bac-8ee6-d6e1438e5d7a,01-6721-919497,11111111-1111,Certificate,BS Nursing,2022-04-07,,,,8349c37d29c62326f93d4b1adec56f0ecef6d202e430fd0aefdaaf547aac1a06,1bbb8fee34c2436c1aa6dc12fb6e8077b4d957464f736ce0647b39e9bcb929b5,Revoked
7b718fee-b74f-468d-9758-3861dd9d02bb,41-5141-661163,11111111-1111,Diploma,BS Electronics Communication Engineering,2025-06-29,,,,4100df1a2ec9d222ac32616530092c2d893f0cd9d2a20cf534384468f265f2e1,09370ee8417dad4a6c7342c9bfbbcc8349166a5429c3f801a5ff8a2b0c331f1c,Issued
a77b7fad-e732-4e3c-be7b-cc6bd13dcd1e,11-3434-283513,11111111-1111,Transcript,BS Business Administration (Finance),2022-07-24,,,2.74,b0dfa54e36737d6cf3c843b2e72590e4aaffe1567c8fa39d559bffa5fb52b22d,7cb5bfe8d79d5f8337f9ae25fd777ed9a963a5784c3a761af8b5c5f7f0fd447c,Issued
c946eef7-f3a5-4270-ad02-541dc58e88ba,13-9242-280413,11111111-1111,Certificate,BS Civil Engineering,2021-09-08,2025-09-07,,3.02,a9ea3e2c3baf14e5b3daa4f608496e208650b1b5d7984f619df10501d6ff2ff3,e1615562f5846181784ae64c998b4d09e92f760c6de08f4d5eee35137c12e867,Revoked
5357627f-d6d0-430f-b4c6-3480ff6737cb,89-2514-758597,11111111-1111,Certificate,BS Criminology,2025-04-17,,,,78917d7ee5f3c51240e51fe154683eafecb6e27ec5fabffb46882c89f01a0856,8c40397e4dd81e1f11d1582f149d20d0bf0de405d76b9666143afd5f3cf1775f,Issued
f961ad6d-1bf4-412c-b1b3-3546ee8dfc88,89-7873-488312,11111111-1111,Certificate,Bachelor of Secondary Education - Biology,2023-02-10,2027-02-09,,3.31,4af7fdcfaf481071cf0b54439518aaf574e1c3addcb7271eb814565146d023c0,be0f51e66c65dec05513bdfcfe64476b7548aa71675f0a5edf5d2e5c73d1ec51,Issued
542aa806-dbc3-4b1b-be9f-8208e55dd62f,00-4392-534713,11111111-1111,Transcript,BS Business Administration (Marketing),2025-06-13,2029-06-12,,,fa5f85d211ce6387071c49302354cf5d1ebc632fc2b7bd61b1db5acd43ca4fc7,187ba25840978a1bd9c7e5a326d5495552ff6fd5a2be27ae90402597e7e64a57,Issued
a4158fe0-1d21-4ed7-8cd2-1ef25fe352f1,36-1178-645785,11111111-1111,Diploma,Bachelor of Secondary Education - Science,2023-03-22,2027-03-21,,3.73,0b7d3d9c0052b5b358e77fe2ed455a11b4567d822e9f3ac7b5e1cac772464d50,4c29ec29fba8a330594d8f6771e52792e3e5f4e25824bcefec6b39bf80dd5ec1,Revoked
0383491b-ed54-4bd6-a3c2-dbbd5a34bc61,77-4873-185138,11111111-1111,Transcript,BS Medical Laboratory Science (MedTech),2020-09-07,,,3.88,09cf823ecdc5074a740a64ab8552db34af296bc18cc1e382b3049803fc858bc6,541544b148c2d13852ee17eec607ecea8c906f864d3e673d96be0ab8abbebf15,Issued
c7760c3e-b75b-498a-bf3a-e41ba7cfdc32,95-9573-548017,11111111-1111,Diploma,Bachelor of Secondary Education - Science,2024-02-17,2028-02-16,,,af51aa4806d3e5f7a8494a9441a23133aa56be9e2c16499217942b2f61158649,c9abef445476a3d3140285b7bb5c7e85b010e9118b6713041b15841f04c610c1,Issued
74acd911-1052-4cbe-a442-aa457cdf0913,63-9561-236058,11111111-1111,Diploma,Bachelor of Secondary Education - Filipino,2024-07-29,,,2.09,0c5c328741b8470e6d6746d8df5fe90378417df57fbfd5e5afc1a3f79e0aba3b,e95636d88eb9d670baebc1cbded7fd709ccad3a73f2ca060e2492d80a0fe97e5,Issued
b5dd2dfa-45c3-41a5-a5ea-c29fe0a619e8,19-8879-419799,11111111-1111,Diploma,BS Electronics Communication Engineering,2020-12-09,2024-12-08,,3.4,00cc3374ce517388542755024bc4cf3f43b9c7b75db51e07525f938f3fcfe8d5,aad8a7f20f8cc2d6c138c8895afaaffe9f922eee94b49ea470ccd20e137a4cc1,Issued
7975b04c-dcf9-4852-8503-28a1744decdb,56-3102-932407,11111111-1111,Certificate,AB Political Science,2025-11-24,,,3.55,79e025b53b31e944f27af13cc36b0c7f6af35f5e1dabc29d73414359f6b4db2d,32e91efd0a18a647771251b6f48b819d228d94121e5547e1eddccc0d92d7bcf5,Revoked
ddcf7856-f5f3-487d-bacf-7c90e2d27ea3,39-9694-546040,11111111-1111,Diploma,Bachelor of Secondary Education - Math,2022-12-20,2026-12-19,,2.05,741ccb64cdd0633876ac5bcb4803c938e07d63c49ccfa95036ef37ba7e7e8cde,4a90e6fee5e8fa1a10110db26070391009ed113a6c165add27e22f83a45b5d2e,Revoked
89202bef-440c-43e3-a71c-07bf0c7b455c,01-2132-418102,11111111-1111,Transcript,Bachelor of Secondary Education - Math,2023-07-03,,,3.02,47a8aff06f2c725ebb5c2122e6343802b864b80f7584b637baded41cc22b23d5,051be9f5e344f05530dd595663eb41d0fefd86e78552fd7be775107bab15b0ee,Issued
102e626a-e754-4fa5-ab35-06bdf6133010,76-1910-761428,11111111-1111,Diploma,BS Civil Engineering,2025-09-13,,,3.17,292477347798a1afbb2786eabe98e597b73cbd3edc4c2561da3a2214402dc20a,0ee754718cf9df08715954894aa236ea4296d9d47e769bcc51b706e80915dcc3,Issued
f3ee55ec-2385-48b8-880d-b857c8866479,40-8608-926930,11111111-1111,Certificate,BS Business Administration (Finance),2021-11-30,,,3.09,9c614639f41588f10d16e9c7665486606e9da7f736aa34d92dcea45a353b78db,02385cad6edcde80626041003d2153d32ed4f2587f4101d373b949f23c20c925,Revoked
fb9a90f0-eb36-4cbc-bd4f-b9be7d68daf2,54-5253-420056,11111111-1111,Certificate,BS Medical Laboratory Science (MedTech),2025-03-25,,Magna Cum Laude,,88aa2994c1fb53d19e4fbeed4a8447ae4ad965edabf1aec2a54ca330ee6d3b97,113dbc1f3a549fc71dc14605b8366a8190ea22db2b5b59759218bf735dec8770,Issued
56802e49-9ee9-4702-930d-5e1e3be363e5,40-3850-336073,11111111-1111,Certificate,BS Hotel and Restaurant Management,2022-04-03,,,,df14a1dcb19992850e0c05685af0fd3c1a0543bc85beef0510669dbe358ea1fa,5a8c9ca82357083d6b980b332126c45e9ad3f9f859bff96fb2c8f4d81658e90d,Revoked
93bf2e2a-9d4b-4de7-93d5-97d9505ef167,08-3684-460253,11111111-1111,Diploma,BS Civil Engineering,2021-02-19,2025-02-18,,3.07,4e04b9a5b378689a783f65b2c2e784e3be46d8db630460d06be1455924d09be0,76487e90572ad039d4c4f408a9aec6394727287fd3395dac1ed26dddab6f91ad,Issued
6459a56d-55df-4130-a294-352c8338e7e1,75-8236-019633,11111111-1111,Certificate,BS Computer Science,2025-03-02,2029-03-01,,2.24,c0ef4657a9ee74b8b2d148d1c875587bebd0f946c84719caa5728c6eab344187,bb20cec68892e1c3a7a1c3c4580fb8a254cf40e993b8c441a02de96a8e9fe0e4,Issued
8c46674f-f906-4866-a29d-0ba8540899c3,88-1875-399449,11111111-1111,Transcript,BS Medical Laboratory Science (MedTech),2026-09-23,,Magna Cum Laude,3.91,84f814386d691bef57d3b87791fc20e6f8b789b3f7ce29f41d1c066d0cc43c9e,9ffe8516b68df4b41f675bcccb182c9f2034f1b0f1e7b503cbc94e2004e8bd55,Revoked
baf40946-4d08-43bd-9666-9316094e241d,60-9363-597443,11111111-1111,Diploma,BS Medical Laboratory Science (MedTech),2026-01-23,,,2.48,5f4464d098d14719fd4c038458e29672df54cededa1eeef76f5373686303b1ef,3e8da538c14b0b95b932f0719dfba42ae3922b168f9257712568bdee0ca1b5b2,Issued
f2bddbf0-499c-4ce7-b151-1620fd02308f,79-0747-112195,11111111-1111,Certificate,Bachelor of Secondary Education - Science,2021-12-06,,Cum Laude,3.15,98daa64076fbc72867c18bd12a111a4d97a1a4207dbb80ab39b58691bc429dbd,e2bc44939d902ab16bfce275dec03c8e0ac17af387d53eed2b98c37a40140852,Issued
96f38c5c-79eb-4935-b820-b5c31e15ee2f,64-5975-866110,11111111-1111,Certificate,BS Tourism Management,2020-10-21,,,3.4,6127eca9505b85e98a5f4f662e58e0223e11c6f520f1951ad7d5a1ed220665ec,529a81c06a6e24670c1ede812bac9670351005e1a8c94f7566350272dc3e5405,Issued
32e973a6-0d02-4863-ba65-b211f331a39f,63-9561-236058,11111111-1111,Transcript,Bachelor of Secondary Education - Filipino,2023-09-02,,,3.27,717d404a3eceaeaab30acdd2b3437d34748d439e27025a8506f919e34cd81749,2c4e17cf3cc93c0e417e4c4aafe66a4380a822887a54cc0bea04de597edf3573,Issued
989145b5-658e-40b0-a31f-4bef478ff8c2,90-8313-135525,11111111-1111,Certificate,BS Criminology,2025-04-25,,,,1b28bd2f1a0d4034a16931fd3a04b05a719f9a580c4eebf8b58eb36448026dc6,96ab8560874280bd8e6395177a863e5da98e592f0b1500aab77cf85f1c3265df,Revoked
0b064ac3-a33e-4533-acf0-bc9c9fcbe289,98-4088-018327,11111111-1111,Diploma,Bachelor of Elementary Education (Early Childhood),2020-03-08,,,,0c390c6c500502b9f3443b53cc2953a98426669b819640f80db8c1bd049f8767,c2b3ae63db4f7723ee4e04d3a329c579ac38f27318bce52dc4bf5dd3fd2ef35f,Issued
faf56525-6e78-42e5-afdd-a4d6a79914b1,56-3102-932407,11111111-1111,Transcript,AB Political Science,2020-06-18,,,,983f82969fe948bc6ce790dfd2661595157117fd41bcede4976dcee44140b43a,2c857ba7853eb8899bcb0cc184bea12be6daaca1be7a76aa2f95a7f44ca9bced,Issued
60b93d83-3002-4cf7-83f2-43a83d430753,10-7058-526592,11111111-1111,Certificate,BS Electrical Engineering,2026-03-02,,,3.48,ecb4fc1abd501eec98dfa2a88bdc3ac4fc21eb6585195e0ef87729348d55dab9,351eca23a86c622e9368f2b1b30cef0bf326e3ddcd64cf833ea35093c681b6fe,Revoked
12b51cc6-57d6-4033-adda-57dc5f4dbc36,95-4002-396261,11111111-1111,Certificate,BS Electrical Engineering,2022-08-15,,,,2969e36ffd07b4b509610a45666b32077ab68c24908effa0ae4bc5ade64b5a7b,e7c4fb74aa248b9050b3f07c073919f70d8fe07621231d5136b7b707bb33fa2c,Issued
7ff1cce3-a7fa-4d99-8401-c7d387920245,95-9573-548017,11111111-1111,Certificate,Bachelor of Secondary Education - Science,2023-11-18,,,,3fae8b9622eab912048a69ae80456ea2df27fb2b9b2e8c7dac3d6f2bd7aa8279,4903923c29ab78729240104b1dd299507c4b1ce3a09fbb7b4aa0b42ded106b0d,Revoked
6aa7b8c4-1096-49ac-8ab6-bffa7206cebe,10-4799-486937,11111111-1111,Transcript,Architecture,2021-03-01,,,3.22,f8a1f49f97119beacdb58e9f6620116ab2fd067c3dcbc4998264af8db99bc70e,caeffbed0503cfb9fa935a77aa6e2588ec91f9f1b772715131d74e742175d0ab,Issued
b59c55a7-ab3f-44c2-bea5-850a3939d33c,35-6148-589638,11111111-1111,Diploma,BS Civil Engineering,2025-04-02,,,3.14,5b6a75ecc1ed71cd5fcf3a59479c9b2964093d905e1085b81789910211088eaa,dbc6b41fcaeabfe4ebd169a0f8a77744ccca2c312b4648ee7b3d4b7eb7637910,Revoked
8e6ad6e6-65d4-4492-843e-f24c5f2e440f,88-1875-399449,11111111-1111,Certificate,BS Medical Laboratory Science (MedTech),2025-07-14,,Summa Cum Laude,3.61,c7f592418e6df699f51d8cef6fe26cafd2927312f53f6e41ba83988afd0054ab,f87eb0c196da02c875a9525ad844b39417ab5b22aa49c575922166bcc1cc5aa6,Revoked
4d09330a-43b5-4690-b8e9-07dab6db0e41,52-0491-215414,11111111-1111,Certificate,AB Political Science,2020-01-06,2024-01-05,,,d4431a77d627f4cc5da346f837031fdac2ee99588c41019bc38973d02c31f793,46ecc060ab1aaf3d0c659594b1335347ccddc60a5f1609ed57c58d0fe341e725,Issued
b3ebe9bd-e127-4a6c-9744-5685cc8ddbc4,06-5050-788203,11111111-1111,Certificate,BS Nursing,2021-10-14,2025-10-13,,,25a3400400bde385d67a197f00dd5c9ea5b4b23e4ceef036ee39ddc5c0c4bda2,a4f1cb31ca3272c4a662835530816d212f04753bbf883be952224c18a2760e3d,Revoked
1e69f8e5-68d3-4cc3-a5f4-1d033cab158b,28-4750-775560,11111111-1111,Diploma,BS Nursing,2025-11-02,,,2.35,3f54f668a056699d12384c9086c9169c45133548d9d9825fff39d18c7ca17b04,0684d5f8de28ca45e9443a69bd36b3a70b6b1ce01cb9d28efc31153792a39b1e,Issued
4dc3e448-9b4d-43d2-825d-264a0a8447aa,69-3620-126270,11111111-1111,Diploma,Bachelor of Secondary Education - Biology,2023-05-08,,Summa Cum Laude,2.11,e87a7e75c27a984e30367723e009d727126e9000380d3d0ed72df68871aa17da,0bd8539f55f12748c37047db964a5dd2488aa54714fb97f43a5c063596925889,Issued
7788152c-e461-4da0-b15b-244ab2bd9e01,18-7299-876880,11111111-1111,Transcript,Architecture,2022-08-03,,,,a536c5d906e069f62f791bd690bba98a0ee2ea76fd8c3439e0473aff9a874125,88575c3c3cf375504ff7a668f68f97d69303a98404ef712b1c71321f8569b56f,Revoked
b9c4b168-0de3-4682-abed-e2ab8f5f525f,35-9980-892417,11111111-1111,Transcript,BS Physical Therapy,2022-08-19,,,3.56,af146d2bfe1c4160425501fc9c05afdc7a94e5eaea5f163aa857ab5d7c19383a,d6f64b3ca1078b686998a759f57a48d7af4e578c4f3121664c478aeca03a5035,Issued
1db0f7fd-e2da-48f8-aeb1-9ba1cd25e513,54-5253-420056,11111111-1111,Diploma,BS Medical Laboratory Science (MedTech),2020-01-23,,Magna Cum Laude,3.68,fb242455fa2b57e123e22d8f7142d9cd161d99b12760b6786c77af110738a74d,6c5e66d7a19dc5186c56c3f5ec936a3aa4604dbc85ad724f29f56e38fd33f418,Issued
f8e9712d-6605-4c3c-8751-e985ead04764,95-4161-194209,11111111-1111,Diploma,BS Computer Science,2020-07-12,,Cum Laude,2.81,8c370ec3d92e244cd47a2dfb177f443cb21a1ff318d4bb75b229e99cf5d67641,4567c90c5a8f6b610bd31e894accf255f67f4592eb0b49911aaa90de5d87ee1f,Issued
2456c549-ef9f-438c-8db1-afaf2cf6ab34,85-6874-114508,11111111-1111,Diploma,BS Business Administration (Finance),2024-07-05,2028-07-04,,2.27,ca1fac6869f10465c5c827c710d84320ba0ac6405d8319923f8fb9725b3cf20d,002738fe96618249b5f98543655500a40dba32e3388faf824deaf02bdb3880bf,Issued
c0629b78-105c-4dc6-b8df-08115c7f20de,86-7358-445911,11111111-1111,Certificate,BS Tourism Management,2024-03-12,,,,b520f35434a22166a6ab6ab6eb022ce04756e77a428ce9464796762199cb1952,1147956eed001ec2e1f571dfdd5399e83ebd7df976444e09c7a54deec2be9c62,Issued
c693f366-2623-4888-a5e0-1e6c7eb822a8,09-8886-353891,11111111-1111,Transcript,BS Computer Science,2023-04-23,,,2.32,6d4b3a3bf7772faf47413250949aeea5680ed15d4eda07439bb49fa1bf796282,4ff9452c03ba49b0aec2e59ed02047bc19e2f461c28eec317e5f419013f62569,Issued
fb44d4a2-309a-41af-a405-22bc4cd90089,26-2562-236504,11111111-1111,Certificate,BS Nursing,2026-05-06,,,2.04,1c6e982b755736262fffe1abd3f32003c5e44a271de0e51effdc9525cf7aa75a,0f1776dca6454e8e0fcb818acd48fa70c31adcdf2d35a17dcbbf2eaff4b39502,Issued
b6a0653e-2081-4a5e-b48f-a1b6c057a399,21-3130-673654,11111111-1111,Certificate,BS Accounting Technology,2025-08-14,,,2.7,b529ecd9f386a733a95d537f01f54b4f2a788f93883a24296aa497c95bc28cd7,d67f49c2f2a124eccab904dce041a94358e2405a12775464d4a2f0758beb0b92,Issued
50486399-d76c-4152-85b9-d3e2305abd7c,29-0152-900612,11111111-1111,Diploma,Bachelor of Secondary Education - Science,2021-07-25,,,,88c650b6aa36e03818d46c47f433c919d8ba72771c9baf8fee1074cb10d2f330,87f9a6906292bca8a5fb662bf291da5ebb77277f112a86e28a269358879d6bfa,Issued
9885f11e-022c-4195-96d3-d13de8200a43,79-6713-140568,11111111-1111,Diploma,BS Electronics Communication Engineering,2025-08-25,,,2.47,e91ad0f154901a46e63978d4ac799a3079c9cbf9fcc261b5bc65730ab4a9dd57,38ebfd88544fb832e5905d27c2dbad67675a89e77f882522d868e3271b547561,Issued
d8ce8e4d-3a3a-4c6a-adae-8d6adcd75169,33-0392-553832,11111111-1111,Diploma,Bachelor of Secondary Education - English,2024-08-11,,,3.07,d9cff7f6bc8af14750ae7a36a582e6706459f455c49bbe53f04e2f6d1bc99e84,4a0992a5cf7ead19671b7a4bcb703f7d4880f6e1a56d87832ec0500c286f5836,Revoked
18d07855-0e4e-4a8b-8c33-18812fd441cf,88-1875-399449,11111111-1111,Diploma,BS Medical Laboratory Science (MedTech),2023-03-24,,,,cafd57abfd7337e9eaea0fce2b2f9a1f4db9611c7c30b231db8984a9259ecda3,7944b2ddff8decdeb9a1e983dd92edfd91943e4a616c16a8a4c7cd4755fe0f92,Issued
a0bcdcd3-f9f9-4c4c-b047-889be4e5fb7a,68-1538-558046,11111111-1111,Transcript,BS Accounting Technology,2025-07-28,,,3.27,84b9905d0bc6c313db5f0d4addbb9a7333b56ef030806bbbc158a301f61b2069,6766acd62a79e3b85118e81e1a1e4612c0b664b07e2a6d979a8f212a2349ee37,Issued
bb90028a-9f83-4717-8713-fcccdf5d768f,78-3469-635807,11111111-1111,Transcript,BS Electronics Communication Engineering,2024-04-29,,,,70f2075c624158cdc285a77a13f8f4920e1f67c5145e6f104971994a791f7a0b,447b80d7f1d4c0f4a47d7c132953d013db4e8a117f1edfd21603632001ff5329,Issued
4d63b394-5c7c-45aa-b31f-b2a27940b9f0,14-6204-022841,11111111-1111,Diploma,BS Physical Therapy,2023-03-16,,,3.67,a3adf72ff6cb7ef6ba3b7cc7c29ae08e56e58600130cf4f0b4675acc5f7c5b23,e1e5a6a35da8e0c8904e57eff49a108568fde797e0c600cb3ca82a926b61e92d,Issued
d03b71c8-7461-4953-bd9f-f5b062467e03,61-4664-711649,11111111-1111,Certificate,Bachelor of Secondary Education - Science,2025-04-19,,Summa Cum Laude,,ebc922712d35d6f4f33478b2b76ce7883c8763829061efbf9848c2edacc70695,c9b48441b24c63b30f10c9e56c69994985f68430a5080bce588d0716bfeddbbb,Issued
32ce610c-2959-455d-b507-b783bd9d52ae,23-9437-187460,11111111-1111,Transcript,BS Physical Therapy,2022-09-14,2026-09-13,,,42d6a616a957e65fd19c5b4b6d217a393448836c115bd8bb2e21a5ade754a8bc,14879c8c2a522d158ab1d8245368fd2f93f4b20ad3114725cd03e38a9c9d355c,Issued
dfb84768-49a4-4f90-b3f6-335b5ec6e645,59-3816-310405,11111111-1111,Diploma,BS Nursing,2026-11-08,,,3.52,19d777d07cae313355854309484172c93c18e83d4590d16c7350b32163e272d7,e11763f942752bee3c0429a957e254a3270730ddb330443c9d9d443df546e69f,Issued
4dd00ecf-5eef-40f9-ac56-60578f348b03,13-3600-611862,11111111-1111,Transcript,Architecture,2021-11-21,,Cum Laude,2.06,7aa6e653e77f57c12435698b025065b04bbbb541d3f40430fbfb5bae5f561851,f1550f123643d1dd001cc2af9593f0dbb4b5c7704b212279f3eb8a61127fe207,Issued
d5ada661-d8b4-47cc-b32e-f119308eeccb,99-6947-615730,11111111-1111,Certificate,Bachelor of Secondary Education - Math,2024-03-09,,,3.62,26b5cc7030d05f0b39debe83f275b6505d93ff2c4a12b7cbacc390dd1ac5dd04,b8f95e849413918e545d18805c3f4fa6470b433ca3408b492116a5c1cdcd2c2d,Revoked
5424cb51-da50-4e3d-9ab7-de06343437ad,95-9573-548017,11111111-1111,Certificate,Bachelor of Secondary Education - Science,2025-05-08,,,2.44,9a2a4fd8e997098f528952be3382cc8d07aedd4e2b43c5b972525843389538f1,f4783d79995540a7dd6d355a6f385e69327281cf3ba7c6f085eea0402b7117c1,Issued
f7341dc2-4633-4300-8406-196cc755635e,39-8555-306773,11111111-1111,Transcript,Bachelor of Elementary Education (Early Childhood),2023-12-09,,,3.22,13f9ff2d4dd21d9ae53cc0ba42569541fd26ac28e6027fa0a593e57f236cdd31,fd6e3ad038983350310a914f71773b81292cf50c5232f904c7aa133b5964024b,Issued
ead4439f-ea4f-4b5b-8e1b-fb2fd7dd6914,39-8555-306773,11111111-1111,Transcript,Bachelor of Elementary Education (Early Childhood),2021-07-22,,,3.7,0aa6cea55cefbcc24508a8e86b72056fecc0207f697500ae52e8976e2ce3368b,f9320efdbfa8b06af9e9886479a71ffea97561520cbf01d5ebd433f845a703d0,Issued
e074e28c-eab1-4a39-b68b-e8b3284356ac,01-6721-919497,11111111-1111,Transcript,BS Nursing,2024-09-29,,,3.59,38096457d6be84907f2ab05901427162d5c32abbb6463b8c298f4ccb5d432e9b,75a466dc5034bd659ef010aeda88f935ff10c41a40cf95463f5590d6a75a61bd,Revoked
184e32a9-3ddc-4772-9419-e1c48c7deb1c,89-6726-632879,11111111-1111,Diploma,Bachelor of Secondary Education - Filipino,2024-11-17,,,,94828acb5b4300902196f2d19724f4bcd2890f7f2c9c5c599f0866dd361302eb,5bd87c9a3b5d1ba29beb7697b6995e85f975249918423199fdfa45430452f6f8,Issued
f2662c2d-bd88-48b0-a091-0ff879ee0e31,27-3105-382035,11111111-1111,Diploma,BS Accounting Technology,2026-03-26,,,2.02,40eabd00125cd74e310bf8d6c1bb3e8bc36defef5c7e1f1450ca88f47c669481,8648166405a6d1e6d981a8326462c0093a1e0efd049fd33e3aef5112c07078f3,Issued
4c148378-6ca3-4c17-a9a0-8a74c158a1f8,05-5083-008033,11111111-1111,Diploma,BS Business Administration (Finance),2026-09-11,2030-09-10,,2.26,e03759db524636d1698f183e36eaf441a22748814c3451165e15a03634aa8ff7,69e6eceb93d9f0051032dec47327062bc0eb8ea32dd46587d8e6fa051d9ea755,Issued
52f6ec03-0e60-4c0e-a027-798680fc60e5,15-0938-372585,11111111-1111,Certificate,Bachelor of Secondary Education - Math,2024-01-02,,,2.49,9f1dbde4fa5379c439dd6168ad02295c06368f9d761052cacbbfba4216a25b08,0df01be0ea40c24f94e8ec4f683e599e83b5ba17c305b8953040eb5cb1f989a1,Revoked
66bec61e-4998-4c15-840e-b5335fb4ac0b,44-7020-190846,11111111-1111,Transcript,BS Accountancy,2026-10-22,,,3.39,0c3c0613669b4fe7191659b1b130873e4457aff6f43b77cd61dc4e0ec7f04e00,09f30533ff98a943baa06db24d412b2e2a5dfbe9ad440d31c782f0e5ec9709e5,Revoked
50567fa2-58c0-4bda-ad86-78b8099788b8,32-3100-515432,11111111-1111,Certificate,Bachelor of Secondary Education - Biology,2023-10-02,,,3.07,fb7a1da2b93c4f2cdb42377958a8b6a53adaa0040be1b41dc5e08c098ae6341f,f34c6c1d4f9971f1bd3a2e193f9070c6d3fde1879cb21cbb051aacbee0922212,Issued
e6c26f5a-61e4-4128-b746-32078afc06b7,10-7058-526592,11111111-1111,Diploma,BS Electrical Engineering,2020-08-14,,,2.3,abfc42c888a3eb7525ca93af68a5f87d5a0dd68a19e4f8373bd861b68d3533b2,d41a0cbfb564cd0d8d9a2f5b5cd9f4f3337147b2cc5832ff773099281cd74bf7,Issued
0efb45ad-589f-4f6a-a16e-c32005f004e5,57-8894-448675,11111111-1111,Diploma,AB Political Science,2021-04-24,,,,c397f6b714314b2163841c9ebc7e13142d360e60b593d8236c98ebe5db38f0f4,e15ea52f618fe9b738d10afe6aae05e98009cb8ef848280c2dc2af31fb589077,Issued
6af488c1-4c85-424f-96be-4a8f9329eeb0,60-9318-167359,11111111-1111,Transcript,BS Medical Laboratory Science (MedTech),2020-09-25,,Cum Laude,,6e16f59d1850d209911b971df2b97d5869325fcaf218365cdc0ed49def23f2e5,7414fad0520c2c3203301eac627dd9df87526897a102cd801ee2fd3b0fa0e7b9,Issued
4979b80b-e44e-4741-bdb5-1002b9ffe2ab,09-2168-098048,11111111-1111,Transcript,BS Nursing,2022-09-17,,,3.2,70dba75f77a8979c3afd4b656c0cd7573ad10d81e0bc9e5255411acaa36d18da,6e589e33302e3af162ddc271f17c456ad0f8d979304fcf7376b242cff786a9b3,Issued
9e5971d4-d1c1-44df-b553-81e881eed9f6,26-2562-236504,11111111-1111,Diploma,BS Nursing,2026-06-25,,Magna Cum Laude,,073a45e376a5fcd48b64000fb1470850ef860a6cf6bf26240647b13be2b082b9,fa2608ec5153b32f03ba91688eac331fb62ab13c62093d690483c9a750f72b5a,Issued
2a0e9be6-f615-4b37-8e77-5eba37cc2c54,01-3201-978380,11111111-1111,Transcript,BS Business Administration (Marketing),2021-07-25,,,3.01,d3df3e380b6e21e5257d099f929c5a8bb214ace754639c9affa2a89f225ab335,91fc4e87410771763543e5a9159654109b7e5a59f366233ecf37e7a03a492d83,Issued
a7f53f37-c5c5-4fb7-893b-caa7562fde43,94-9095-047853,11111111-1111,Diploma,Bachelor of Secondary Education - Science,2021-04-13,,,2.65,f4b025f1bfb445cd587fd4b81e7a4de8e94847b6fba5673a79a4ef2383cb33b4,549016e680c24c09a580b6d9da00a9b8ca47cff00fb0a9324ef8ad0fdf789ee3,Issued
f984d215-6ff8-4f98-b319-61866a85b07b,84-6824-048900,11111111-1111,Certificate,BS Tourism Management,2025-03-05,,,2.49,045755f455861f2dad87ba611d5a2a94befef0fce93e6f4d0cb7ea111c074e29,9ffe112fee05994259a0ca4069948aa60888475e07df92893e593bee5485b5a1,Revoked
bc858ad8-a521-45b7-9ca9-b617900e9ccf,93-9612-423800,11111111-1111,Transcript,Bachelor of Elementary Education (Early Childhood),2025-09-11,,,2.14,2d3297c90c50c22d4a7203328ee8190eeaf0b00ce6ba097ec53822d81c3b4c25,952145ad04dc08e7df37f4dd797b3eeaf01924d8b39ad3c0403d5c48670781b6,Revoked
fe123c56-cc12-47ec-8f3b-0715fdd4e1c8,64-6872-177496,11111111-1111,Certificate,BS Criminology,2025-11-28,,,3.52,4ca40831d1187a8c3066f8b8256547a52ad890d63d12d0bc9a9a52d2f3743e05,1c846efeabdbe430d11b4793a187f9ecee459900aa597391c4d93795968f4380,Issued
63e41d4e-f55f-464e-a97b-82d76db2248a,15-1620-785915,11111111-1111,Diploma,BS Electronics Communication Engineering,2021-09-17,,,,33bf40bac9731a8347063175d0e5015a426319b3fd81b54df768c8a7637ffcf5,eb00434410554575b5974f5d28b5355fe442c0809f081b88967471f063bfed57,Issued
ef2840e2-f568-4865-bbcb-b6b5d2720044,93-9612-423800,11111111-1111,Transcript,Bachelor of Elementary Education (Early Childhood),2026-02-03,,,3.58,902f8a1a575ff86ac46ce0134451390ccdb670927cb283dd86b0e5938e9971d0,bb99e82c25976b8377113f5f9e860f555c31be7d5a500624ba525b1ba56e906d,Issued
e02b1b4b-f47d-4fd4-87b7-33c933867abf,74-6918-842627,11111111-1111,Transcript,BS Physical Therapy,2026-09-22,,,,760a98dbce21ad87d82c955982ee3b97076d54108337065eb3af574519d96d61,bb48619b2302979d2a0ff952710bd64d04af9de0f9bb365f24796c608b3fe290,Issued
be406329-05c8-452b-9a8d-3649f06896a4,94-9095-047853,11111111-1111,Certificate,Bachelor of Secondary Education - Science,2020-05-30,,,,765a9275ef2e38cc99cc23cf4ff2c690981eef8ef7b028cb549defa072a1aed0,d8c14ba1c2f8a1d62ded938e8238bfb8ed9ebf3c5e43be0e7bf6f6cdfb411c70,Issued
1d06f144-b4a0-4c56-b5d6-0bca24b62774,64-0610-061317,11111111-1111,Certificate,BS Tourism Management,2022-03-25,,Summa Cum Laude,,034561768dcdc75ddfa0b3cef4580a61e97d1164200fe910085bbac4902792e0,e37444e1558817b74eb37dbd186cf68a99aa4291024eaeb9aedb9cb5776bf6eb,Issued
c0b03957-d665-4266-8e72-0caf667260f2,61-4664-711649,11111111-1111,Certificate,Bachelor of Secondary Education - Science,2026-04-25,,,,d7f41aefadd59df60b35415825e3ec42f30b951dadb092733b086a2d461eb2bc,89306de1447b1e28eae7b629dce7dd1d12fcc66602ea4e8f53bf1b4aafdeebcd,Issued
994bc6c7-99b6-4610-b311-e1581ebbddca,68-4915-916260,11111111-1111,Diploma,AB Political Science,2022-12-06,,,3.62,1de5bf624cc082c49433d178fa03e822d0697f3917614d2c18373f273b40ab01,883dda00ba5b85e78e461869be985f3daa35eaf4f3771dd8ec059fecff81e22b,Issued
8681b4dd-7c75-4d93-80bd-afa6798c8fb3,91-3056-360330,11111111-1111,Certificate,BS Electronics Communication Engineering,2026-02-20,,,,fdffc921b46afa4c51e6339ec504300c19ffce962b2ec23cb839e36aac288b14,d47651073da0e108c657d11cfb495e1b79aec5b08de9aed00723ff65caee374a,Issued
3d24a444-c7c1-4691-82c4-df2db4812c52,41-6034-855027,11111111-1111,Diploma,BS Physical Therapy,2023-12-07,,,2.47,53d3795e6f6f1bc1ff7ded44b92c65493a893558e4700bce358213a7ee9ca1b5,0c3347ccf5a764c899f125da7ba5fbcbfde90b7984cddfb998918b4ae4b53350,Issued
7d81eb71-edc3-46d6-ac92-b51f2f76bff9,05-5083-008033,11111111-1111,Certificate,BS Business Administration (Finance),2026-06-09,,,,2e42fa60b51dbbac79f38127e610041e29eada9dbc233869fda4ee798cab253a,45391d34748b0e4486461cc897f4137f2278c406be7cbba68639b97241612731,Issued
0becdfd9-cc12-4a82-8e0a-a8838def4e1e,28-4750-775560,11111111-1111,Certificate,BS Nursing,2023-10-26,,,2.8,99de818e22bb0a6f3220e439468241b64fffc1e800d1db1efd9f115318a5ca7a,3609e86d62537f3d40377887e62be1c4c8118b15c19f96d25633cfb06020ace5,Revoked
381e73b0-345b-4ce9-a9f9-3f82376a5c7f,66-3063-386038,11111111-1111,Certificate,Architecture,2024-02-09,,,3.3,404ca2159914e485975829d7a80c177c51fdc0aef6c81b3cb30c33d3d5f05a51,320c74cbbce0ccb5ee9a09c02d4391359ff8e5a86a9dc9a7d7bc34de760d5880,Issued
c9043ace-fdae-4bf2-8160-eb735ec7c7e2,01-2132-418102,11111111-1111,Diploma,Bachelor of Secondary Education - Math,2024-07-21,,,3.42,825c79c09f5185aaec4257bc74852cceaf885aa9b98e76001d9e1fcbd0aae3a1,6b87438e447d2855f04cb34ec05076174fea1a8339af784d0cf4bcb9d1242808,Issued
f1b6f392-851f-4505-b0d8-b52ab8aec31b,54-5253-420056,11111111-1111,Diploma,BS Medical Laboratory Science (MedTech),2025-12-11,,,,baec8e118e2026dd2936c7a83e6ea871aa0f6bc3225601eb5fc44c066cba6424,c6f8ed5910a7cdb7492e86e8fc72b211b9392598d091a59ba835dcd652c86e1a,Issued
2598e9da-a594-4236-b2db-a5af44827c1f,39-9694-546040,11111111-1111,Diploma,Bachelor of Secondary Education - Math,2025-02-14,,,,39f1463aa7dc79f1506b8cb75eaca5cf04ab1452a39572f85dca756a0ef3cfc0,101e4f293a4da64e9daf53fc5c25442cd7585551ca16c835e3849fa7839fdc99,Issued
223eab27-f0f8-4416-a93f-4e5b0846ab4c,80-4041-200086,11111111-1111,Transcript,BS Criminology,2026-04-11,,,2.13,17a635803d72c7903a396b2426a5a2d21b2f6ee62f332e3e50ff7cff99307d71,4b9718b80668a7c20f88728ebba9dfbe9ac607680b7498cedf3a53320987e9d5,Revoked
a909ce9d-ac58-4b3c-b6cb-6a0c8cf1c3a6,69-3620-126270,11111111-1111,Transcript,Bachelor of Secondary Education - Biology,2026-09-09,,,3.84,714d435e786794c8b557c2aa204ba6c6f406eaa96bd80c6cfc6eaab6dfaaf78e,e8689d57901a1442f7f95695d08a604c21b4a6371dfbba987a603c556d711a97,Issued
b9f6b881-c3ea-482b-9079-7a7d963c41cf,79-0747-112195,11111111-1111,Certificate,Bachelor of Secondary Education - Science,2025-01-23,2029-01-22,,3.32,6dbf18f51c20c6c69afd1ac1c5f0504ac3ff8e0b84e7ec860c384255ed081918,ba39338ef600f22d44c91ac91b5ae37b4f22ca402d222e48f466d176379c5a1e,Issued
13accf43-641f-43ce-babf-d9ca146af4b9,13-3089-917964,11111111-1111,Diploma,BS Electrical Engineering,2024-04-30,,,3.2,280a517a050d415a7b9946b7cee625ddb02d39d3624fd9de12562bf5fece014c,a9f3b76173048d03afead092da3ca8c077f03942a414cc71736043c6fc796bec,Issued
0d9789a8-3e2e-4f8f-866a-5dee8eb3c51a,29-0526-189682,11111111-1111,Certificate,BS Hotel and Restaurant Management,2020-04-16,,,,77be6a2ab2317db3b1c662ee013e8e7ccc02528fe145e84dfa4ade4d505365c9,c2ca90c3baa328daa40b7c8d7c3dc27528cfd0c105e85307480860dcf5822ab9,Issued
e477b466-574e-4f7d-ac41-c524a287fc72,46-6807-614451,11111111-1111,Certificate,Bachelor of Secondary Education - Math,2026-09-02,,Cum Laude,3.07,8429c67a39693cea9277ca6332a26b0319da32778a207a7c28df3d7dbcfefe11,7584cbf67149306cdb71cbeee0d181b50ee12441de33d15b11e690b5efbf0ec0,Issued
2529631d-4427-4b34-948c-c1ddc2885c78,84-4947-160079,11111111-1111,Diploma,Bachelor of Secondary Education - Math,2024-06-03,,,3.07,d1d1918481ea521822e0a1cf99122072f54b94f9a68389946d19a3ddc8f4d658,2026bef21d55ff6c3901fc501e6808f9f59a5d98dc43660a1e1e5cb236ee52ba,Issued
ee44ec9d-beee-4a31-817a-e06aefc3d936,66-6638-550561,11111111-1111,Diploma,BS Information Technology,2023-02-16,2027-02-15,,2.82,7064373c6ebdeeaebcfc95afa636d934086076c352dd1bd67fe67762d7404464,9302300ab652b2d965824e4ded6e306e6eccaff389a947dc77433169ffa553b6,Issued
45653e08-47ed-4bcd-a742-89ab3b2a69e5,79-6713-140568,11111111-1111,Certificate,BS Electronics Communication Engineering,2025-05-15,,,2.57,1950d5ecb4ea2ea0015a96f4c49faea34cba5f240ddb8608409f2d997b0e520c,9b13d18377603b08eac1841e4a259cf872d4225ea215638317e08b2ff3870b72,Issued
7b1b7f0d-4ac8-4535-ab85-ad6f9eb5ab29,25-9315-863685,11111111-1111,Certificate,Bachelor of Secondary Education - Filipino,2021-12-01,2025-11-30,,3.57,0d5225bff9d07478803b15098573fc412ec1e937c798b944c379409a5b9ad1e7,484ef90d0d344ae4defe69d425221240ae2ab047820c9d97b20fb35d2121d06b,Issued
002db8fc-8adc-4936-9039-91249015321f,89-8633-283350,11111111-1111,Transcript,Bachelor of Elementary Education (Early Childhood),2024-06-14,2028-06-13,,,f5e35c1d74dce9069281a5303c003b72ad198cf8a440a1e92534bbaae458cc23,469f5423d0ee9895ecb945a0d22e6bdd0973e84da9c50fbd6b6536df9eab69b7,Revoked
edc96201-8fb2-4a2f-93de-750d8b56f226,84-4947-160079,11111111-1111,Diploma,Bachelor of Secondary Education - Math,2024-07-29,,,2.84,7b081ce612c7df6238f2f1b92003e8c2982e17d535d1ae7b860f260f6f79ef8b,92e8ab626cb446c869596764cd95cfa3fb334ecadc4c207f0c74e06141a5784c,Revoked
22ec22a0-830b-4db8-98fb-64aaa00d67ae,49-8896-496917,11111111-1111,Certificate,Bachelor of Secondary Education - Biology,2020-10-20,,,3.22,3239a22d31326c58a9de6271e054c67abf1da879a5292563f6974e537ef8b63f,604f65271b862cccf0138d1406ff6f15cc1a46074b19dce5dc337d5af237c140,Issued
64ad115d-5ae6-4572-8806-ec9590e9ef36,14-6204-022841,11111111-1111,Certificate,BS Physical Therapy,2020-04-23,,,,29add93129eb990c88448dc12e802feeb9709c8d0f2a2fe6f312606993c326c0,bd6ddaa6f75cbef652ec1987c1858e1562a7689cf36be03fdd19dcf0766b74fa,Revoked
b60098fa-d00d-4d7b-8645-32c18364bf36,72-4987-757160,11111111-1111,Transcript,Bachelor of Secondary Education - Biology,2021-04-14,,,,5e7dfc8b39426a7614c05c6efb45c33e6d26c9e9a1185faa70ed58ea4889b04f,0872b93d53f6856d9054ab7d3c14731f76e646914192eb5eb1a82de4b87f996f,Issued
fb175ee2-1023-4825-8cda-1ef67d1d189e,40-4465-829370,11111111-1111,Diploma,Bachelor of Elementary Education (Early Childhood),2022-11-20,,,,e9a0c5b6a82a7411b18e58accc4bfc9a2d02297e66a9fbfbe1d16e12a1dfae24,129c130107f25537ea181ea8c8ead26e54b9d98b03112bafcdca31498cbcfd2d,Issued
263fe279-8958-4fc8-bd88-85886f904685,39-8555-306773,11111111-1111,Transcript,Bachelor of Elementary Education (Early Childhood),2026-03-31,,,3.43,0c828b0d5527655ee7b8372c0e4a563e44c9038e73101f839d2ada9c17950d8b,e187833eaa5b3fa89ed6d4d86b7a56745de62500358fc22c618a9279b28b5b5e,Revoked
f3c67a7a-bd95-498d-8f1a-b4e83358c1a2,40-8608-926930,11111111-1111,Transcript,BS Business Administration (Finance),2020-08-01,,,,63d707e6ed73f073e3032580082da4d21d1b4c77e6bd1b08127b4207d17a0623,5e7779b8342f888cf50b95e756594ad43cd9d7e67286994b3217c6a831cb38be,Issued
33f76f36-84ff-4a24-8bcf-7cc32a7571e1,01-2132-418102,11111111-1111,Certificate,Bachelor of Secondary Education - Math,2026-06-20,,Magna Cum Laude,3.73,cd1e9c73cb28e5137aa5dfad44deae0864c4e1a20bcc64dc5dc2b13c5a2cd772,df08416ac590b1795d7b3b23c5e9bb4215a2299dade18880d4db414b5825b976,Revoked
00c6dfc6-03e4-4cfd-a907-ce8756961ad8,60-9365-635409,11111111-1111,Certificate,Bachelor of Secondary Education - Science,2026-09-02,,Cum Laude,3.24,4b81ad1150d4c86be12b981d4b51cfd0ff0a01268e307424f18007706327f696,9b8a84f65e288a78529a726281def7c4eed60be4a5a4350ebdf19d46a5e89b76,Issued
fbb9c14f-c23c-4023-b469-58bb41028945,06-6294-211017,11111111-1111,Certificate,Bachelor of Secondary Education - English,2020-02-06,,,3.05,3468dbd47b7f40e5dc891d45638b7c723df92d8a8930e0f72891077e04889242,2059165559243cbf74d830ec8f51fb82621bdc7423461bc0e638c27e694f7015,Revoked
ac512353-8b78-4739-aa91-c139a60b52e4,10-4799-486937,11111111-1111,Transcript,Architecture,2025-07-19,,Magna Cum Laude,2.99,facd642960c677bb3e1d9bba1bded17802c88253dd4c12d3de7b3bc406f13739,3a70834c6bf63569f5fcf72475f8a226b2e9487147f04d9216a50046ca5618ea,Issued
154a880e-6092-46f6-a77c-bb658fd2dce9,11-3434-283513,11111111-1111,Certificate,BS Business Administration (Finance),2025-08-07,,,3,f2616771e80f48cd47a7da0ca16ffc9802cf4921d61a0ec8968d8720449c2c54,9038b36bc2c1a183ecff100d9705b0d1e6f52d0803cb99511d64feeea44e27b2,Issued
6c1ee695-b04e-4b41-992f-b07aeb7e41ef,30-3714-421981,11111111-1111,Transcript,AB Political Science,2025-01-15,,,3.85,3989d9d24f206c10f4c76112529a409ae84fe70301da624e8bc2cc684ae949bf,d4f212217ac8fbf5094aca3de205ff14352f06708624cebf529b18c37f41c092,Issued
b87b3f3a-74db-4d58-b942-0275887354d6,16-2399-569851,11111111-1111,Transcript,BS Business Administration (Finance),2025-05-13,,,2.25,43aab8c14c369209bbedb3890c2bb7ec066843c54b810003089d5ce1afeb35c7,6b1e353075a4e3729af92d112497559714a71f20517c3eae73a2e1e033265c04,Issued
4eccd418-519d-4d55-a5bd-c748f0f3207d,99-6947-615730,11111111-1111,Transcript,Bachelor of Secondary Education - Math,2022-04-23,,,,44e1775e332eba465469aa51c8b08b3e9592283c912a9f850e6200ae2059b85e,53b776e06812fbdb808e9cdc52bab0a63b7e179234d105667f70d3f00805e2d1,Revoked
a585354b-2b53-4444-bfff-ba35eb0bf114,59-4369-917422,11111111-1111,Diploma,BS Electronics Communication Engineering,2026-06-30,2030-06-29,Magna Cum Laude,2.47,17778904cc6a1b1a65a6fceb96dad1fef24c6ba349c2c51dc2ce43efbc7de0dd,64fc795d0c7b520bb2c84273b08ad162684a6a796d5a58398dfdda48cebcb676,Revoked
1d3409d0-9258-4ff2-b8c8-f76d751e603b,83-3912-264083,11111111-1111,Diploma,AB Political Science,2025-01-18,2029-01-17,Cum Laude,3.28,9b1543c6f23df1d46d10775a18a7f5d46963e1fe8d7ce2bc30626e0ccef447fd,feb3ff72fc05042b4ca9826818a9c50c51b53cd1681467281cae141631c8a529,Issued
b9f54f1d-c009-418c-91a8-cc02ce869d7b,88-1875-399449,11111111-1111,Transcript,BS Medical Laboratory Science (MedTech),2026-11-16,,,3.19,8cfe124d95325f0451fa236f902fa45f407ca7650889798d7ca824521b237e82,f9dabb5ed38accc932f8344f467d47342dbe8e58b1ebdae3e5d64e191ef69311,Issued
1378b358-6821-41d4-8ad5-5d75b9887836,66-3063-386038,11111111-1111,Certificate,Architecture,2021-01-01,2024-12-31,,,ae9cdddd246fe7df926b9e66dbf6f5dfb2fd93b2fb44821a8a93bb74590f7187,884cb8f0cce6decf7c260b51bb95f69238d0001238fcf9c56aa7d24ed3eed3bc,Issued
5fcd35b6-1099-471d-95b2-c113fb006e70,22-4212-926228,11111111-1111,Diploma,Bachelor of Secondary Education - English,2021-03-25,,,3.36,a73840a6257193f5dfce3deb7520ca1cd8b0664fa94d6dd37cc26673d211d5e3,c910118af0758364e7bff14da5809f78a273a661b0d51d6fc6300550e4c7f1c6,Revoked
3ce7e9df-9ec0-40f9-a4db-1b95536f1865,46-0912-249434,11111111-1111,Certificate,AB Political Science,2023-04-15,,,,4664d6bea26b86389ca22d1165a4329b3d55541cecd26079eedd948db918c0f5,9bacd4586d8c74ff5e48449cd67c0b1dd2f77e9038b60518e37e0924b07db204,Issued
912eec9c-9567-4f46-b717-aedea8e3e401,60-9365-635409,11111111-1111,Transcript,Bachelor of Secondary Education - Science,2020-11-10,,,,be885d0e072f257f3d577f2c81d0e98d9294288120d20f4d7e0002c479eb580a,9ea8f5f06ca2f721333ce50a350faf9a695e43572f6fd6d042240471c71f86b0,Issued
303d660c-e08f-4298-a4eb-05838eb7b9f2,54-7700-121768,11111111-1111,Certificate,BS Nursing,2022-06-29,2026-06-28,,2.46,e159023cde06f3566a85702eb450d514e63ce0e257d35496069545105404fe92,248dc63dfc9c6b39b0f80e4d7720cf486b03ab8dd97fcb0ea22edac0d43c571a,Issued
f53dc07c-ecf7-4ad3-9277-2b546b821b3f,13-9242-280413,11111111-1111,Certificate,BS Civil Engineering,2022-03-26,,,2.17,5440863ac99665d6405abc5e099dedf9a257813ab6bbda9df2363ee24471a966,3c2d3b3ac217737246965fa05bb138fa7ffbd4981771c7e2f854749fe3ccb3fd,Issued
cbd392a7-36ef-43da-9492-e26bf457aea4,01-3201-978380,11111111-1111,Transcript,BS Business Administration (Marketing),2020-07-20,,,,1333c038a6eb718fb3e208fce895c960a37baef8fa92e5231e63aa99a7a4b5d4,8021ceca1fad1691c777a0fb34f9189a62c7a0b9a8be0299569ad96ab4f9d214,Issued
29b56414-b305-4303-9285-92362d0d804f,28-4750-775560,11111111-1111,Certificate,BS Nursing,2026-07-18,2030-07-17,Summa Cum Laude,,c203c18eae0e04aa40551d1f7c65fd58a16c4966479aa0c3fdbdca66e5ad5a88,aeb7dfee63c1bd49f728749b2c5cd920851845ae1fd2548c7a0df69c3854a8c5,Issued
78ea9c31-fd8b-45b9-af67-dc3e3dc71549,95-4600-007760,11111111-1111,Transcript,BS Computer Engineering,2022-05-17,,,3.23,bb0bccd0b64185e469389564e7abf5f7443d9da1b5b1e87a00a9351bef938251,25cf5bd948aa627e9bb98854342acff9538fe51903dc7f8f2c87e45c555d9546,Issued
c61336cc-fa0a-41e9-beab-babe12f01120,19-6178-059606,11111111-1111,Diploma,BS Accountancy,2021-07-20,2025-07-19,Summa Cum Laude,,cbd4e86853ca9d0eeffb9bb214df4ac611e5cf2e9dd1894e9ae6f6f2d9863692,819a2f7cb43862258005dfacc653913fa893c7f4ccdfecb079c1e183ffaa84fc,Issued
dbec259c-9e42-4c97-9e26-3ac081feaa5f,13-9242-280413,11111111-1111,Transcript,BS Civil Engineering,2020-04-25,,,,175c76d87d29f717d88cc86e5d8a299e00cddf923fdbd8a28c6bbbb5a108046b,65784d3587f332794ecfbd46c6aa3c5b79177bb5f890bd31aee8e1ccc4f765cd,Issued
0c9506ed-0248-440f-a78e-5ae2caa13930,63-3073-287063,11111111-1111,Certificate,BS Hotel and Restaurant Management,2025-10-10,2029-10-09,Summa Cum Laude,2.62,56dcbcc6784d7d7ddbf88db49a0c9c3629b2902904c619bc849e82c210926f7f,b742bcea76add6184f08e6b70a305b9526bd207ab96f3f17c17f6ea88c095f72,Issued
94b55923-a475-444d-bd86-ec37b3f75d34,72-0388-710502,11111111-1111,Transcript,BS Accountancy,2023-06-20,,Magna Cum Laude,3.92,c009cd3eafedadda2202465c2e42a5aa2328a844035d9922f3832af59d0c7e25,af03189ef66f40946698a988a64030774db4d94aa129df7374f3b64a8ac9625f,Revoked
4f81bea4-157a-4eae-a3de-4447c74b9c78,60-9365-635409,11111111-1111,Diploma,Bachelor of Secondary Education - Science,2022-06-21,,,2.46,d518ab376e807576241542f1f5709cebe04eb6adb91424812a949719769f04d3,4c01dcb59e6f48b43cfdba2ec4a94d0b0fbb2916bf5c6a76d694d48d2ec7abd3,Issued
b54d052a-e52c-48d6-9a5c-2ba93e4a7e95,29-0152-900612,11111111-1111,Certificate,Bachelor of Secondary Education - Science,2026-08-22,,,,9f2c7a6dcb2d77da8e0f9e1a5f06c47a8295fb0b10345c94cb26111d3bb8832a,b7eeefa7bb33adea8fdbffa90b51284dbc04516e1a9de38ffa6e0c98a1e46f67,Issued
2f72a178-e3d1-4abe-8b7a-6ac63f2d3693,40-8608-926930,11111111-1111,Certificate,BS Business Administration (Finance),2021-09-06,,,,2b7f225c82f2f597f5ee1760a8af5645ea671a4b4267b45d545d1e10a5660a34,36e41c79ffb97a6b7066347fcc0bed928ca3773bc63a2c8aea7321dddc63d8c6,Revoked
9f7d5331-f9f7-4113-b050-d9fa6d2e5491,40-3944-716381,11111111-1111,Diploma,Bachelor of Elementary Education (Early Childhood),2025-04-11,,,3.43,8247a2c3c8f1e773de3e83bf1cee6d80e0d81a0bb586ba6e2b8d26b78636ccba,247f718ca734258f202387fd2488d2ec9af62635ecc4ce5a6d30dc3f0426f825,Issued
58fd293b-4229-41e6-a39b-12343ca7baf6,08-4455-536501,11111111-1111,Transcript,BS Criminology,2020-04-09,,,3.63,0dea036b1ef43d47afb1968dd509c6fe3f88d112c15c6b509c3a509135f42776,a882bfd2e6ac4e9e890200c39dad76299c3b563bb015ba200ff64fa396b5e969,Revoked
704b65b5-de25-41b4-8284-7d9d487906e3,95-9573-548017,11111111-1111,Certificate,Bachelor of Secondary Education - Science,2023-03-09,2027-03-08,Magna Cum Laude,2.8,84aa7065f7a15802a62e95229bd2f3e00081ec3bf6f192ced619ee9f1cf5cd79,e40ee883817b83baeaf0a11ada1e75a86610d4679d69b388883d5e27ac2a09c8,Issued
0c8f02f6-6a6b-45e5-a40d-96ab1c444965,21-3130-673654,11111111-1111,Certificate,BS Accounting Technology,2023-01-01,2026-12-31,,,b3bffdd453458edbecf73f6a355fab6bd0b3d6c2d1ad3b2809d72142e7778a9b,8c07242819f7326cb3465d3335910fa89b5216738a8bb1cf7378e54890cf06f8,Issued
f00c6abf-23cd-444d-8f81-8c3ee8979d36,95-4002-396261,11111111-1111,Transcript,BS Electrical Engineering,2022-11-02,2026-11-01,,3.12,74930e1869c823999848b0e3a96a3d7f585d80178183e85bc845d4eff64b475f,6d0423567b34f09ca394533512c7ef7ca5f79228f01a36b8167d65eed1bc7141,Revoked
38fcb3b8-7682-4045-a3e7-ffcf45c7537d,11-2374-962926,11111111-1111,Transcript,BS Tourism Management,2020-03-22,2024-03-21,,,0998fb9114f7d2e5ed2c218a17bdea2ce678cd8e49f2d253a4d781e585c0b852,d3b8174e7433a1f67220e47cbbd5efd82f3683fe671099fef004697204b36970,Issued
eb8416a5-d49a-4768-ad58-fb13c8501d05,34-1505-923680,11111111-1111,Certificate,Bachelor of Elementary Education (Early Childhood),2022-08-14,,,2.65,551cd947753746f627f6b589509bddecd1a28a9aecb023dd75ebd697411affb4,b9a2498a8c94de8472ca008ddf74ae8446eabcb045d7909428f06bb65812e039,Issued
57cf8acd-5ccb-4ed0-9b79-698411a03377,63-3073-287063,11111111-1111,Certificate,BS Hotel and Restaurant Management,2024-03-29,,Summa Cum Laude,3.81,66d748fc5de5fa351bae69c470817859ccf7d5e99d2f1822a7ca6562494ae123,843480297af66486be4f75319b56258b1a52295b5ff7c594aad2a785d4972b3b,Issued
fcf81cb4-3fd8-4569-bba8-97011118f0de,85-6874-114508,11111111-1111,Diploma,BS Business Administration (Finance),2020-03-15,2024-03-14,Magna Cum Laude,,3862e1e9e992aa3fd8c0910073b1560bec07e00c797fe6081bb95613cd21569d,357a09919f178d8938543aaee6235b417a6d524605c61420800d5de70641de7e,Issued
8ff69faf-2c2b-4ce0-b126-a87dd4dda3c4,78-3469-635807,11111111-1111,Certificate,BS Electronics Communication Engineering,2020-05-17,,,,cd06e6c4cd9e329cc62be26234fe2308866b52df4d55d546005ea4a6092ef2c1,c4a41d625b573b101ef7ae83e096ceb040ec9ff41c1f8ec765270e33083d7e4f,Issued
f00ec853-1469-426a-bc3c-63c78211d200,95-4600-007760,11111111-1111,Transcript,BS Computer Engineering,2020-11-10,,,3.63,1fbfae197f24677c04f18e14069a60577224402d94e0a6b5f607b1951031a245,680f8e7dcb7841ea1b92c3bec673789717b8cd60fb491d056f7fce745d3bec59,Revoked
b2a5655f-c252-4725-8141-5f2aaa4f87c4,23-0695-585661,11111111-1111,Diploma,BS Information Technology,2024-10-14,,,2.39,52ee3377153760f185831d35a47c0137fd89e7d12da1d0c78e07a28ec5a14dbb,fdc0c177af13c2e4816324c6bdd3329b632f9643f3c4873fcfaf7136e1247dbe,Issued
4e7ab2c6-f890-4cf8-8a67-19e3329f7945,72-0388-710502,11111111-1111,Diploma,BS Accountancy,2024-12-19,,,,b46c6a8d844a3e56bde795aa16614c8ae3f5e80c7fe427f4c7814a17d8009f8b,4bbea66496838bc162a5dbc0d3360773155a2be7cc90ec6fa9907786a6f5c5a2,Revoked
7e78c98f-0678-4efa-8dba-df0bef704810,10-7058-526592,11111111-1111,Diploma,BS Electrical Engineering,2023-12-05,,Summa Cum Laude,,6cc6cd390fb418be0e6c27ba7e3e8d8984fc7389eae6322c4a60ee3608b15c44,e597aa6cbad45e5905625298c9f2f2aa570405abe6dad299f015baac02581a47,Issued
95b012d0-d3d2-47d2-835f-5632db078771,24-9941-481578,11111111-1111,Transcript,BS Medical Laboratory Science (MedTech),2024-07-09,,,3.82,dbe74e76978dc19665ad56050fd87063f72766b1e914636d0b1b07f406f9ed07,522ec16ba85f005280a231322e962d0d72ae2978b21239870a0cea9b854e8c3d,Issued
4025fa00-921a-4b52-a1a1-4e5415c889ab,52-0491-215414,11111111-1111,Certificate,AB Political Science,2022-11-18,2026-11-17,,,6470fdc3b1badfb2f3da77bfb0c5f221b356a2b79c2d5480901062d82dd9134c,01a121036e64b2fe7d36b2a2c17599b6aaca7df6f277127e368c305e150db211,Issued
38c61460-e210-4de9-883f-6d12ca9aeb12,00-3897-140074,11111111-1111,Transcript,BS Accountancy,2023-09-28,,,,53cb9697fc2168bc23cb4675174c9e358a2df42f544a4c45febffc25fe957e34,57232e14c3eb11fbb6289d0710fe23b4d667f8f164886e6927db8c0f13038b62,Revoked
85fd14ef-1abb-4acc-bb97-ba8e5f4cc22d,31-2008-177777,11111111-1111,Certificate,Bachelor of Secondary Education - Filipino,2022-09-09,,,2.47,9246115b03deca11b947fd6eac9809b651aed49de2eae35759f98d1f63fed5e1,cd562a2913e25810d9ea08b681b9b25df3a9030ea234eadb09e0b3cea47a8e93,Issued
93e193a8-10ee-41f8-a7e4-f7fca0745be8,06-6294-211017,11111111-1111,Diploma,Bachelor of Secondary Education - English,2024-04-21,,,,d329b1dc916ed54c73fd1f2dbb9bf1b4e7fa61731834b10c9840af0bf50ca4ad,bd7e1f4f66f8f3541f8a1d36a2952c86835de6c691bb1dc568fdd6426dd16d14,Issued
455be0ed-2967-4aac-9a90-bf499bd908fb,13-3600-611862,11111111-1111,Diploma,Architecture,2026-05-05,,,,9794d93c2e20b4efa8f345ffce3eea0260e03e4f796eed5450fa18a60e958b5e,b0b1df758ed76ca7f15446b3252893267e52de933b1b3b5fe482be89ddb44f33,Revoked
e50ac845-811e-423a-9db7-7c038f73ca3b,15-1620-785915,11111111-1111,Transcript,BS Electronics Communication Engineering,2024-09-20,,,2.54,e79b62c22a2e635658210cf5bfa967d1d57dfae823ee086880d9dad997214b29,a542b4688a3658e94249c65c923c977dbd8a354ef97dd521ce7111a9b62f1b8f,Revoked
461cde46-8116-46cc-b319-b2c0da6ecd51,09-8850-104378,11111111-1111,Diploma,Bachelor of Secondary Education - Biology,2024-04-06,,Cum Laude,3.1,4117596d767f5291ae6d547b42a62c3c2ec92348307945b196ee60a2b01883dd,6e98f284380e12c9690814d36eb2ed0e0630169e5055839aa23373515ffb3094,Issued
33da750e-5aec-4300-a881-567ec890766b,63-3073-287063,11111111-1111,Diploma,BS Hotel and Restaurant Management,2022-05-20,,,3.57,228afd6a7e3ceb5a382a48471de563f9a9451f7ea7e0fb6c4a3b2121aeeb3ad3,3e7556be7f78d839e6c6ca4171c18a0457986aea4616a08f03dc23c8628aa2ad,Issued
18bd38ff-9ee0-4cec-b6f2-cb556944e2b9,40-3944-716381,11111111-1111,Transcript,Bachelor of Elementary Education (Early Childhood),2023-12-30,2027-12-29,,2.25,acb2d1b09364596a82ec8c2de0ff0617ea5c4d04c088cbb4d8c3320e62ece071,8d1653374f516799712f3a0ba3ee947a01cc9ba8cc9798d04fce0b668f07ed49,Revoked
adb969ef-f3eb-47f5-a213-0a9421ce00d1,19-9415-480591,11111111-1111,Certificate,Bachelor of Secondary Education - Biology,2023-03-10,,,3.69,7517e68f326ecde9b4b5620e4e64e3d5c9f0bbec48bd637558e98326b2e9391c,778eae4dcffc6a25a169e977525ea29cf1a1171221f17df10937354881c21b0c,Issued
c2e977ef-ea4c-4f6e-8bb0-ce080bd2aecd,56-3102-932407,11111111-1111,Diploma,AB Political Science,2020-09-12,,,2.21,43658d6f7df4dff404377bf8020d7578a0aa23388e8b7110d9159c66b02273e8,50a2d79e44bf338c8cf47ac4cbc3a726908bc9b8691ea848432f5a3236e33e36,Issued
70967f26-2068-4b7f-a122-f368d0aac819,79-6713-140568,11111111-1111,Diploma,BS Electronics Communication Engineering,2021-10-30,2025-10-29,Cum Laude,2,d022914c48d0da98db6ccd6fa42fbc9777066129e69882288b972bd30e97f261,6fa55df852265de5d29d24515985ad18d4326e1be71b14ad68c98a7e0cbe695b,Issued
735df96c-6c1c-46e1-92f1-8f58ab8f6b5f,34-1505-923680,11111111-1111,Certificate,Bachelor of Elementary Education (Early Childhood),2023-06-22,,,,9dcff05291878788625157744175451a1ba9ffc224ec383f1a2b04738e7e6d94,a0dcb0618272d0d48426d522f01849bf88ca9ea7ff75cd0c7ff5698405617413,Issued
a51730d1-f017-4728-bea4-ac11f085c879,29-0526-189682,11111111-1111,Transcript,BS Hotel and Restaurant Management,2025-08-08,,Summa Cum Laude,3.06,1801bd1c981bb64aefdcd98cd3419fee233f12ea66b857a3869839e4231e6067,1cbe203f3997f93a309ea3dfc6babb723b1d2eb206ab0ba0cd03f55eb0a72df1,Issued
7c6aa25e-a43f-44e4-81fe-bf77e9febe1c,20-0734-679982,11111111-1111,Transcript,BS Nursing,2024-01-08,2028-01-07,Summa Cum Laude,,1754b3c974af2000a62be13edff6afdb49412764b0d28660d7a3dc8daec5728d,302c3c9cf1a4dccae8b8de69c91414d6004d528a3e8910a668883a9087e77100,Issued
06241f02-1515-4a0f-b3be-de60da920d5c,48-0988-083695,11111111-1111,Certificate,Bachelor of Secondary Education - Filipino,2026-03-12,,,2.29,37a3f4d23de98c96ea3eda9eb3b2cade473d23af2aa22185b4e391c43af3be06,56b8ed7457335e37c7efb9efab665fffa71e256b4c684d27a85f066536dbbcd0,Revoked
6809a2ec-f2fb-43a8-a499-d01bc8401324,79-6713-140568,11111111-1111,Transcript,BS Electronics Communication Engineering,2022-04-01,,Magna Cum Laude,,10aa81a2d79df48ad6c2ad370917ec10cc31c9c6f7b148737589c1db3c69b8d1,35fc62c714562bd1686ddbd1ac2413719e3e20ed2ea57ec5d3de91b51d40ffd7,Revoked
09eeae6c-34e8-418f-a4c3-467fe2640d22,89-8633-283350,11111111-1111,Transcript,Bachelor of Elementary Education (Early Childhood),2025-10-16,,,2.93,8faa5a943ef7398829076d8dabb7adaa1e05007a3def11424a8a82e3aae1a3ce,352a586bb66f91b3e6f62e676d2ca44d0eaa3471daff1654b9ac623fd6061d45,Issued
712c11dd-3b55-4754-b58a-8cc45070424f,82-0382-405962,11111111-1111,Certificate,AB Political Science,2022-07-05,,Cum Laude,,af05d38ca2fa6c33d11dddef30d7425ab0638fd8062caed4b1e03155cb406f40,6ed8e626a71b823eb273258ac04352969a1081fe9f3acdfd9062f25ae9f716c6,Issued
b910dba4-c6a5-4336-8c3c-9b18b0d208c9,01-3201-978380,11111111-1111,Diploma,BS Business Administration (Marketing),2020-01-12,2024-01-11,,2.57,0bf7273f058d5db76a71e046d3d69115eaef177ff1bc6c61d5cc2603a97c2420,1d5182f9c1ee72ef6eb2cd8593c782d96cf8746fdd8f6180c32715d0e2227f80,Issued
d8b0baaa-3186-47ed-9d8f-b0622b0fecf6,77-1185-498471,11111111-1111,Diploma,BS Tourism Management,2025-10-10,,,3.52,f93c9b56efeefa6da3097f7d2f213a8e75ed4c0602852cc6257f4f95ca447de2,5769d0875b35b6f616208b8dd4ac44a06106c38e697023bd2311554f6061c562,Issued
ece235a9-64c2-4148-9d5e-15d9ed5b7149,93-9612-423800,11111111-1111,Diploma,Bachelor of Elementary Education (Early Childhood),2024-03-03,,,3.45,2beca83f2e545a70b2f750ec42827b7c41b3332ef3685fd770799a62b180443f,6ddbf5012c39568d21ec74f65c063f4d5ec23fc4b11cf6a58e68f7ca42aba0f3,Issued
db3f54b4-7ad8-40ee-af2c-10ea22a472ef,68-8857-019769,11111111-1111,Certificate,Bachelor of Secondary Education - Math,2026-11-22,,Magna Cum Laude,,7743f959fbe1529b37725a0b439d0eed45562af0a82fd79a44cab8b81e832cdc,3680409c148ade62b6fa36b346e2e207deb33c084e5fc253d62b3c1dd06d157c,Issued
88fbc5cc-3d8d-408a-90dd-5cdfa0f63cf4,33-6045-806802,11111111-1111,Certificate,AB Political Science,2025-08-21,,,3.83,3b4fa1b48475bc66761a886a711dc014d6d3386588cf4b5add02acc7eb128376,c0e02382c61c0d6583848abe2e9232b954fb87fcb6294915a0445a546db1a78e,Issued
f0bbeae2-372b-4f55-8b62-bc5e6c9c4bb1,30-3714-421981,11111111-1111,Transcript,AB Political Science,2020-04-03,,,3.34,7e5ba286a3b33b5e483a0d7e10ec3a7bfd082d9bdb4b408a765d94e31419ad21,32df493cbe10a33fa717d6a8332c25689090ab0b0819cb39ab02004cff4a5428,Issued
ca043afc-2e07-404a-9a6b-a59d5eb1d7aa,35-6148-589638,11111111-1111,Diploma,BS Civil Engineering,2020-08-25,,Magna Cum Laude,3.8,9a4ff22f590f5730f096f43840e742f0b0d1ca424b0fd819abe896f231ab8bd7,927b9f5bc56d5c136a9e7c50685964358693f99691527ebfdb36c010feafeb81,Issued
e3406ac8-eb89-4405-9c69-a756fa3ce488,86-7765-294342,11111111-1111,Diploma,Bachelor of Secondary Education - Filipino,2021-10-10,,,3.05,b800f8465e1b6242b7ca73cce8e09b75972ad9a136450c7253c82f99d8415bb7,1036092f1828ea273d8cf5ba3bfa78baf31142c5dee5542baf7ba767291ecfe6,Issued
088527dc-8aa3-4cdb-b018-a981aa1fa371,32-3100-515432,11111111-1111,Diploma,Bachelor of Secondary Education - Biology,2020-08-30,,,,aeb6d309de539f04e017fe5c1ba3839cd062513253454d8f3765e551968f7e51,032b7e627370a2dedfe3fdafa8c0fc5f2486a6cf79cca5dbc46ab874a21b8fa5,Issued