request_id,registrar_name,registrar_email,credential_id,request_date,verification_result,response_time_ms,fraud_flag
6e014662-94ff-4478-88c0-fd1deb71dd67,Weissnat Inc,weis.inc.up@phinmaed.com,69ce1560-da19-4aed-b189-104ba5fae59e,2024-07-09T19:55:01.037Z,Valid,451,0
06e991fe-f659-4d61-a987-56d63931b9a3,Shanahan and Sons,shan.sons.up@phinmaed.com,989145b5-658e-40b0-a31f-4bef478ff8c2,2024-03-31T07:04:56.227Z,Invalid,705,1
1c1537de-d0d6-4f8e-9dfd-4149bf12c877,"Satterfield, Braun and Boyle",satt.boyle.up@phinmaed.com,9e5971d4-d1c1-44df-b553-81e881eed9f6,2026-06-11T12:21:00.283Z,Valid,1526,0
c17254ae-3119-4499-be4c-c5153db84bb6,Blanda - Kohler,blan.kohler.up@phinmaed.com,4eccd418-519d-4d55-a5bd-c748f0f3207d,2023-11-11T21:49:28.036Z,Pending,2178,0
395049ce-cdec-4b3b-a6a2-fff56a12b379,Carter - Bosco,cart.bosco.up@phinmaed.com,7de9749a-56c2-4593-995b-f3522a4d8e45,2026-04-26T18:24:05.542Z,Pending,1988,0
a6f1cc68-7970-4ab0-bbdc-6b55d20c512a,"McDermott, Emard and Farrell",mcde.farrell.up@phinmaed.com,f3c67a7a-bd95-498d-8f1a-b4e83358c1a2,2026-09-04T16:13:00.375Z,Valid,370,0
33deb229-b5d4-4af5-b265-15c9d1c15454,Tremblay LLC,trem.llc.up@phinmaed.com,06addfe6-7015-473c-818d-1533307424eb,2024-09-22T15:22:29.642Z,Pending,845,0
446753a9-9e8c-471a-bd69-5c6eea3d38c1,"Ritchie, Price and Bartoletti",ritc.bartoletti.up@phinmaed.com,85fd14ef-1abb-4acc-bb97-ba8e5f4cc22d,2026-08-16T15:56:46.852Z,Valid,367,0
c7ca34ab-730d-48f7-8e2a-efb9752ccf6a,Okuneva - Stracke,okun.stracke.up@phinmaed.com,b2a5655f-c252-4725-8141-5f2aaa4f87c4,2026-06-20T00:58:18.312Z,Valid,1115,0
e1dada7d-aade-4ab5-8259-d4de0e4f9a01,Fadel - Brakus,fade.brakus.up@phinmaed.com,24ca5b3a-e130-4aeb-b729-cd8736035457,2025-08-17T17:51:33.865Z,Valid,2359,0
b3a59c5c-534a-4634-be66-ccf7125e6224,"D'Amore, Schamberger and Mante",damo.mante.up@phinmaed.com,0383491b-ed54-4bd6-a3c2-dbbd5a34bc61,2023-09-21T00:02:23.175Z,Valid,1157,0
4fa8766e-535f-4ef2-9bc6-6043508d51bd,"Gulgowski, MacGyver and Wehner",gulg.wehner.up@phinmaed.com,f7341dc2-4633-4300-8406-196cc755635e,2024-07-08T00:27:38.345Z,Valid,463,1
7bf3a4ef-5cfb-41cb-b71d-7ff891939e68,Schuppe and Sons,schu.sons.up@phinmaed.com,f3ee55ec-2385-48b8-880d-b857c8866479,2023-03-08T05:59:21.598Z,Valid,1813,0
1b1c4c78-7ff7-4d6d-9861-92a99c859bbd,"Schimmel, Gerlach and Bartoletti",schi.bartoletti.up@phinmaed.com,7c6aa25e-a43f-44e4-81fe-bf77e9febe1c,2023-06-01T23:11:49.056Z,Pending,1382,0
805ca343-122b-4014-9c8f-7934eb5f8324,"Sauer, Keeling and Fisher",saue.fisher.up@phinmaed.com,32ce610c-2959-455d-b507-b783bd9d52ae,2024-05-03T01:42:55.790Z,Invalid,2402,0
ab8c73f5-c98f-4a32-b483-a1460dc625ae,Considine - Beatty,cons.beatty.up@phinmaed.com,3eb684b2-1d52-4920-b30d-5353cb8c5960,2025-10-26T13:16:31.450Z,Valid,2403,0
aac5cbd3-9230-4f66-ba19-8b68853d69b1,Bechtelar Inc,bech.inc.up@phinmaed.com,93bf2e2a-9d4b-4de7-93d5-97d9505ef167,2024-05-24T11:15:04.712Z,Valid,1308,0
d98935db-8b32-482b-97d6-dbd7df3d5f08,"Ledner, Koch and Erdman",ledn.erdman.up@phinmaed.com,4979b80b-e44e-4741-bdb5-1002b9ffe2ab,2025-04-28T00:06:04.054Z,Valid,872,0
e3498f6f-19f5-4afb-b650-58441882ef5a,Zboncak LLC,zbon.llc.up@phinmaed.com,d03b71c8-7461-4953-bd9f-f5b062467e03,2025-05-25T14:41:49.882Z,Pending,2300,0
7be8f7a7-47c4-4e11-8718-4d5a981f480d,Fritsch - Conn,frit.conn.up@phinmaed.com,073ed8bb-e0fd-4756-9ea6-970ad6abd452,2025-08-20T15:09:09.664Z,Valid,842,0
0de95a55-9400-4e91-86b0-08133a1f2015,Pfeffer - Herzog,pfef.herzog.up@phinmaed.com,7d81eb71-edc3-46d6-ac92-b51f2f76bff9,2025-06-24T19:24:57.171Z,Invalid,546,0
175672d6-bdf8-42a1-8194-7d56566efa3a,"Senger, Rodriguez and Schuster",seng.schuster.up@phinmaed.com,8d076faf-dc26-48b8-a3ea-807dc1a18dbd,2024-06-01T06:55:21.719Z,Invalid,1277,0
ea88e7b7-f12f-4c35-af6d-71cf8adbe3e2,Kreiger Group,krei.group.up@phinmaed.com,1d513767-d2a1-4910-8285-0709d003557e,2026-11-13T22:57:57.018Z,Valid,2429,1
5ffb1fe3-c2f8-44ec-afb9-75bf3bdb2263,Schimmel - Hettinger,schi.hettinger.up@phinmaed.com,64ad115d-5ae6-4572-8806-ec9590e9ef36,2023-10-05T19:07:32.932Z,Valid,1635,1
f39df802-a695-43da-a610-fc32f166b02e,Schoen Inc,scho.inc.up@phinmaed.com,8ecd1585-1a6a-4d13-b986-4b148c579ac8,2025-02-06T04:54:24.829Z,Valid,2028,0
62878905-d427-40f2-bbb2-761423842dae,Lynch Inc,lync.inc.up@phinmaed.com,b74b06f6-eda0-48c1-84e7-510a7ce577b6,2023-02-04T10:06:20.200Z,Valid,1883,0
8e25f395-722f-4ee0-b6b9-e58221611328,Bogan Group,boga.group.up@phinmaed.com,b74b06f6-eda0-48c1-84e7-510a7ce577b6,2025-09-04T09:56:04.423Z,Valid,1402,0
995dd56d-b80e-40cf-aea9-1c9c2cb17420,Herzog - Kub,herz.kub.up@phinmaed.com,c2e977ef-ea4c-4f6e-8bb0-ce080bd2aecd,2025-07-04T09:16:49.164Z,Pending,1572,0
289aedc8-904f-429a-a41a-b67160a19bca,"Spencer, Mann and Ernser",spen.ernser.up@phinmaed.com,ece235a9-64c2-4148-9d5e-15d9ed5b7149,2026-07-21T06:52:36.741Z,Invalid,2215,0
0e3213a3-6a1f-4844-a172-d7d4f84e3add,Homenick Inc,home.inc.up@phinmaed.com,014ae4aa-e0f9-4b18-9fa6-19ccbe7a52c5,2026-03-14T01:24:53.930Z,Valid,768,0
d0532e97-f30c-43f2-8faf-cb310bddbd42,"Mayer, Senger and Ruecker",maye.ruecker.up@phinmaed.com,735df96c-6c1c-46e1-92f1-8f58ab8f6b5f,2025-12-26T14:54:01.984Z,Valid,2491,0
3df0abed-b424-4c91-99b3-956cb222a4d0,Sauer - Koelpin,saue.koelpin.up@phinmaed.com,4e7ab2c6-f890-4cf8-8a67-19e3329f7945,2024-12-29T04:58:45.724Z,Pending,842,0
9b406b76-379a-4386-8535-6839b3b127ef,Gutmann Inc,gutm.inc.up@phinmaed.com,4025fa00-921a-4b52-a1a1-4e5415c889ab,2023-01-28T12:58:44.700Z,Valid,1416,0
b165e812-ad46-4a51-90a6-64fab7f3d476,"Armstrong, Carter and Parisian",arms.parisian.up@phinmaed.com,b3ebe9bd-e127-4a6c-9744-5685cc8ddbc4,2024-05-30T15:34:10.544Z,Pending,214,0
8f648835-d3ef-42f2-a867-1fc60e8b469d,"Blick, Paucek and Jones",blic.jones.up@phinmaed.com,be406329-05c8-452b-9a8d-3649f06896a4,2026-10-13T06:37:40.493Z,Invalid,1594,0
8d6e78cd-c503-4150-8272-ee49ab95650c,Mills - Bartoletti,mill.bartoletti.up@phinmaed.com,303d660c-e08f-4298-a4eb-05838eb7b9f2,2024-06-26T14:31:56.905Z,Valid,2380,0
ccd954bd-0e35-4fd4-b6f7-d47e4d87c4a7,"Krajcik, Hahn and Jaskolski",kraj.jaskolski.up@phinmaed.com,c7760c3e-b75b-498a-bf3a-e41ba7cfdc32,2026-11-11T10:35:03.286Z,Valid,1967,0
17e6069f-0401-4ff2-9945-215316a59c62,Crooks LLC,croo.llc.up@phinmaed.com,4c148378-6ca3-4c17-a9a0-8a74c158a1f8,2024-06-17T07:57:35.733Z,Valid,207,0
f8e5fd4b-a1cf-460b-897f-9be04247d9e3,Mosciski - Witting,mosc.witting.up@phinmaed.com,a909ce9d-ac58-4b3c-b6cb-6a0c8cf1c3a6,2025-11-03T15:32:58.763Z,Valid,1818,0
e0d1a962-3882-4cee-9850-371daa48f715,MacGyver Group,macg.group.up@phinmaed.com,014ae4aa-e0f9-4b18-9fa6-19ccbe7a52c5,2024-12-04T18:05:44.257Z,Valid,504,0
bec4e52a-9adb-481a-8ac0-562972757e50,"Sporer, Bernhard and Fadel",spor.fadel.up@phinmaed.com,56802e49-9ee9-4702-930d-5e1e3be363e5,2026-09-03T20:16:38.243Z,Valid,969,0
e4ed0b46-c0c3-427e-8cc8-b2845838dffa,Fisher - Carroll,fish.carroll.up@phinmaed.com,ca043afc-2e07-404a-9a6b-a59d5eb1d7aa,2025-02-05T23:04:08.483Z,Valid,1335,0
e4afe49d-8e64-49a9-84bb-a5d361864174,Moore - Rutherford,moor.rutherford.up@phinmaed.com,002db8fc-8adc-4936-9039-91249015321f,2023-08-13T14:43:41.891Z,Valid,1340,0
9aa14b28-b07a-45a4-8fbd-580f1cfef34f,"Baumbach, Ondricka and Pouros",baum.pouros.up@phinmaed.com,ef2840e2-f568-4865-bbcb-b6b5d2720044,2025-11-25T09:18:44.404Z,Valid,2080,0
6f153b3d-bf93-49a5-ae43-092723883132,O'Connell and Sons,ocon.sons.up@phinmaed.com,4979b80b-e44e-4741-bdb5-1002b9ffe2ab,2025-04-02T16:19:11.195Z,Pending,1160,0
319240a6-8829-43ec-9317-76e3f72baee8,Lubowitz LLC,lubo.llc.up@phinmaed.com,970871f8-0153-41eb-b630-51b826c97368,2024-03-31T13:37:56.596Z,Invalid,1386,0
d90c615c-4f0a-49d8-9c73-076accdae5cf,Weimann - Skiles,weim.skiles.up@phinmaed.com,5357627f-d6d0-430f-b4c6-3480ff6737cb,2026-05-27T03:22:52.333Z,Invalid,820,0
fbf296fc-440c-44f8-976e-9a1b92566bf4,Schultz and Sons,schu.sons.up@phinmaed.com,f7341dc2-4633-4300-8406-196cc755635e,2024-07-26T11:11:41.147Z,Invalid,440,0
71a34ee8-23d0-4578-b831-417e97772c4a,Kessler - Hintz,kess.hintz.up@phinmaed.com,64ad115d-5ae6-4572-8806-ec9590e9ef36,2025-11-15T13:11:53.744Z,Invalid,2125,0
9218cb0d-29a4-4147-8370-b393832eedb9,"Funk, Windler and Breitenberg",funk.breitenberg.up@phinmaed.com,0c9506ed-0248-440f-a78e-5ae2caa13930,2025-08-25T12:11:49.972Z,Valid,2111,0
0a70b0b5-9320-451b-9290-df6bf3bddf30,Hermann - Rohan,herm.rohan.up@phinmaed.com,78a5e742-d3e1-4d9e-b0ac-c4eec318f588,2023-09-10T22:17:23.902Z,Valid,1019,1
e25a3e48-fd24-4745-a42e-c156a594fe50,Lemke - Padberg,lemk.padberg.up@phinmaed.com,85fd14ef-1abb-4acc-bb97-ba8e5f4cc22d,2026-07-13T05:18:50.878Z,Pending,1090,0
dc4e1c32-fd82-4ad1-ae31-5da7114546c1,Okuneva - Gottlieb,okun.gottlieb.up@phinmaed.com,c0b03957-d665-4266-8e72-0caf667260f2,2023-04-16T07:29:57.474Z,Valid,2129,0
91fe63c0-a1cb-453f-8da4-b711162b78c3,Emmerich and Sons,emme.sons.up@phinmaed.com,1d513767-d2a1-4910-8285-0709d003557e,2023-08-28T13:43:01.653Z,Valid,2393,0
1af3fb4e-d97b-43e1-93d0-fc264e9a4e1c,Davis LLC,davi.llc.up@phinmaed.com,e074e28c-eab1-4a39-b68b-e8b3284356ac,2025-02-08T12:12:42.444Z,Pending,1734,0
4c18d44d-1694-4de5-8f0e-1e98fbff2eff,Barrows Group,barr.group.up@phinmaed.com,64ad115d-5ae6-4572-8806-ec9590e9ef36,2026-07-04T15:30:39.981Z,Pending,1953,0
0001afdd-a22e-4472-9a6d-0bb282ab5ae7,"Bauch, Crist and Johnston",bauc.johnston.up@phinmaed.com,70967f26-2068-4b7f-a122-f368d0aac819,2023-10-08T15:19:38.168Z,Valid,778,0
104dca60-42b3-45eb-ad38-9db03b88534e,Cummings LLC,cumm.llc.up@phinmaed.com,4979b80b-e44e-4741-bdb5-1002b9ffe2ab,2026-11-11T09:55:09.642Z,Pending,2352,0
0c26053b-df5d-43a9-9386-8bdf752bb856,"Quitzon, Lynch and Boyer",quit.boyer.up@phinmaed.com,33f76f36-84ff-4a24-8bcf-7cc32a7571e1,2026-09-22T15:24:27.993Z,Valid,1356,0
45c0b2d6-0423-4f98-bdb5-93c70c0425a9,Hamill LLC,hami.llc.up@phinmaed.com,3e8a3b1b-937d-408d-87e7-9f8d18025b54,2026-01-21T11:51:21.691Z,Valid,837,0
cf58fb2e-977a-4f42-b620-8029560a69e1,"Renner, Gislason and Williamson",renn.williamson.up@phinmaed.com,2f72a178-e3d1-4abe-8b7a-6ac63f2d3693,2024-06-24T00:43:12.424Z,Pending,286,0
066bc15a-869b-4af8-b658-23a2bd1bd5cd,Ernser Group,erns.group.up@phinmaed.com,fb44d4a2-309a-41af-a405-22bc4cd90089,2023-10-15T02:14:14.752Z,Pending,2200,0
5ab1807e-29da-4c2d-b0a7-7afab830becf,"Beatty, Watsica and Kohler",beat.kohler.up@phinmaed.com,f2662c2d-bd88-48b0-a091-0ff879ee0e31,2026-02-14T01:18:54.123Z,Pending,1856,0
1191fbc2-545d-441e-a1b6-c18668973a3d,"Hoeger, Nicolas and Halvorson",hoeg.halvorson.up@phinmaed.com,89202bef-440c-43e3-a71c-07bf0c7b455c,2023-01-28T12:02:14.594Z,Valid,890,0
f9e2406f-9689-497e-8f3f-deebf4f5263c,Grant - Jacobson,gran.jacobson.up@phinmaed.com,bb24763b-6257-4959-9370-9db6c482ef01,2023-01-20T04:13:48.743Z,Valid,391,0
ef506af7-9929-49ef-a987-a6b0b136020e,Rolfson and Sons,rolf.sons.up@phinmaed.com,fd920706-dd46-4bac-8ee6-d6e1438e5d7a,2023-06-23T22:10:44.465Z,Invalid,2297,0
b1fa4acc-f97c-4e4f-b394-55fcfe92782a,Baumbach - Pagac,baum.pagac.up@phinmaed.com,1d06f144-b4a0-4c56-b5d6-0bca24b62774,2025-10-29T17:24:16.300Z,Pending,2359,0
c9c9a9c7-6f01-40f3-9c49-052344c29718,"Keebler, Jacobi and Renner",keeb.renner.up@phinmaed.com,22ec22a0-830b-4db8-98fb-64aaa00d67ae,2025-11-22T03:58:39.698Z,Valid,1597,0
edd7aa67-2497-4831-9bb3-7068868ad3ef,Senger - Trantow,seng.trantow.up@phinmaed.com,007b9655-8571-4293-920b-900b648aaa0a,2025-03-14T13:46:30.880Z,Valid,1213,1
1636eea9-b2e2-4d73-9c4e-a6acc85f2d07,Okuneva Group,okun.group.up@phinmaed.com,a909ce9d-ac58-4b3c-b6cb-6a0c8cf1c3a6,2024-06-17T08:28:11.281Z,Invalid,1481,0
05d9b4db-34ee-4a45-969c-ad6b8646677c,Lindgren Group,lind.group.up@phinmaed.com,223eab27-f0f8-4416-a93f-4e5b0846ab4c,2023-05-24T21:42:05.721Z,Valid,808,0
a475a82f-6ece-4ea8-9739-30caff9e0ff5,"Ferry, Kemmer and Breitenberg",ferr.breitenberg.up@phinmaed.com,07587dbb-14eb-41a1-b17c-f7b72cf20618,2023-11-02T06:00:12.959Z,Valid,1434,0
e0f1ccbd-6fad-4b12-875d-383447005b94,Runte - Volkman,runt.volkman.up@phinmaed.com,33f76f36-84ff-4a24-8bcf-7cc32a7571e1,2026-04-01T05:34:46.867Z,Valid,1144,0
8f5663bd-4225-4827-bb98-68f726120ea2,Friesen - Kerluke,frie.kerluke.up@phinmaed.com,45653e08-47ed-4bcd-a742-89ab3b2a69e5,2026-04-13T15:15:26.777Z,Pending,1601,0
0fc74f31-b554-4540-96fa-e025ca3741fa,"Friesen, Kub and Lockman",frie.lockman.up@phinmaed.com,0b064ac3-a33e-4533-acf0-bc9c9fcbe289,2026-03-22T13:18:22.661Z,Pending,582,0
3eacd5dc-28a0-4d2d-8b6b-49a4a326a229,Goodwin - Hackett,good.hackett.up@phinmaed.com,eb09857a-bf2d-4693-8f21-ae6cd23d9f89,2024-06-12T19:15:07.655Z,Valid,964,0
d4d10c58-6bb8-491b-969e-c6565959b449,"Marvin, Emard and Hane",marv.hane.up@phinmaed.com,f00c6abf-23cd-444d-8f81-8c3ee8979d36,2023-04-19T06:32:55.992Z,Valid,250,0
964b0347-7ba8-458b-b2a7-b7dccec7501a,"Batz, Macejkovic and Goldner",batz.goldner.up@phinmaed.com,8c7febe1-fb0b-4fd5-853a-274e9cc736e1,2026-01-06T07:13:50.671Z,Valid,1580,0
c15bc919-4e5e-4c6b-99ed-431596f13872,"Adams, Ratke and Wolff",adam.wolff.up@phinmaed.com,7dd99139-ee77-40b1-b49b-b350fbce4d31,2024-12-27T11:53:48.680Z,Pending,637,0
c5229134-caee-4da4-81df-bb81d04735a8,"Wintheiser, Hane and Huels",wint.huels.up@phinmaed.com,92543861-75e6-4dd3-a725-65531c0ebd94,2024-06-22T21:38:38.847Z,Valid,593,0
e080be4c-f2ad-4a89-a451-6c627243637e,Rempel Inc,remp.inc.up@phinmaed.com,58fd293b-4229-41e6-a39b-12343ca7baf6,2025-09-21T05:41:26.601Z,Valid,2176,1
128eecaa-ebcf-406c-beeb-abd9e3693f70,Stiedemann - Osinski,stie.osinski.up@phinmaed.com,7de9749a-56c2-4593-995b-f3522a4d8e45,2025-10-28T16:04:21.672Z,Valid,1829,0
77e98cc8-f833-4ef1-bdd0-088d5fc0ddcd,"Schneider, Kiehn and West",schn.west.up@phinmaed.com,f984d215-6ff8-4f98-b319-61866a85b07b,2024-07-07T17:41:35.818Z,Pending,1419,0
6df512a3-2251-4020-bb9e-d671553520fe,Jacobs and Sons,jaco.sons.up@phinmaed.com,00c6dfc6-03e4-4cfd-a907-ce8756961ad8,2025-11-26T10:58:04.156Z,Valid,1934,0
2f3ef7ac-c3a3-4391-aeb1-bd092b4f5efa,"Mosciski, Gleason and Kling",mosc.kling.up@phinmaed.com,2401ca9c-9a7f-42d1-94b7-df07e1b71c84,2024-04-04T15:38:18.338Z,Valid,1875,0
9e97dd97-f3b0-49e1-8f91-b67db324f1ef,"Sauer, Balistreri and Zieme",saue.zieme.up@phinmaed.com,18d07855-0e4e-4a8b-8c33-18812fd441cf,2023-05-13T17:41:44.081Z,Invalid,1435,1
0462174b-9ea9-488c-8b33-1cd1e8486572,Dicki - Okuneva,dick.okuneva.up@phinmaed.com,4025fa00-921a-4b52-a1a1-4e5415c889ab,2025-12-18T00:18:40.390Z,Invalid,668,0
737d0687-789e-44fa-893e-871a5b47c1b9,Pfeffer - Keeling,pfef.keeling.up@phinmaed.com,f3c67a7a-bd95-498d-8f1a-b4e83358c1a2,2025-12-30T13:44:19.110Z,Valid,1373,0
3bd49e13-4f1f-453b-9daa-0a23b2e1335c,Haag Group,haag.group.up@phinmaed.com,b9c4b168-0de3-4682-abed-e2ab8f5f525f,2025-05-17T00:15:01.949Z,Valid,1328,0
b620f4af-0a9f-4887-b274-c06c29977194,Davis Inc,davi.inc.up@phinmaed.com,f961ad6d-1bf4-412c-b1b3-3546ee8dfc88,2026-09-12T09:46:27.382Z,Valid,216,0
e8225fb0-c053-443f-a15d-3b11946d3e7e,Torphy - Fadel,torp.fadel.up@phinmaed.com,b54d052a-e52c-48d6-9a5c-2ba93e4a7e95,2023-10-16T15:58:18.771Z,Valid,425,0
42d326a3-121a-4e04-97aa-5c68ccbe6069,Hackett - Kuphal,hack.kuphal.up@phinmaed.com,38c61460-e210-4de9-883f-6d12ca9aeb12,2024-04-15T13:44:11.302Z,Valid,391,0
453ba4f0-2372-4d3d-bf26-aef34c4180d0,Von - Johnson,von.johnson.up@phinmaed.com,b910dba4-c6a5-4336-8c3c-9b18b0d208c9,2026-05-06T06:32:16.210Z,Pending,1898,1
d2acdaf8-3276-45f5-a5c6-90183bd6768d,"Cronin, Christiansen and Dach",cron.dach.up@phinmaed.com,be406329-05c8-452b-9a8d-3649f06896a4,2023-12-25T03:08:01.105Z,Valid,1347,0
75bf17a7-4dc6-4030-9e37-566f5b134704,Johnson - Kihn,john.kihn.up@phinmaed.com,a2bf5ca1-cf2e-4b67-a46e-4cae1720e7c4,2025-10-30T08:17:49.597Z,Valid,274,0
d2c6a1dd-0e58-4da2-88c4-10122ebcd946,"Schmeler, Treutel and Reilly",schm.reilly.up@phinmaed.com,9e5971d4-d1c1-44df-b553-81e881eed9f6,2025-08-27T07:29:49.031Z,Invalid,179,0
f8826cf0-5563-418c-a9aa-abc1e14ecca6,Pollich and Sons,poll.sons.up@phinmaed.com,bb90028a-9f83-4717-8713-fcccdf5d768f,2026-08-25T19:00:04.297Z,Valid,1300,0
6f87f4f6-35b6-4de0-81e8-e0251bf0efe4,Bradtke - Schneider,brad.schneider.up@phinmaed.com,5357627f-d6d0-430f-b4c6-3480ff6737cb,2023-08-25T02:32:19.198Z,Valid,953,0
18e84296-e380-41fa-971e-5b5c54610ca8,Bechtelar LLC,bech.llc.up@phinmaed.com,b60098fa-d00d-4d7b-8645-32c18364bf36,2025-06-16T18:39:12.671Z,Pending,563,0
223a3dcc-0a36-468d-930c-1d589b448ba6,Mills and Sons,mill.sons.up@phinmaed.com,fe123c56-cc12-47ec-8f3b-0715fdd4e1c8,2026-04-17T09:29:51.989Z,Valid,1776,0
b3d80074-1aab-4eaa-8f67-ffc8582deefd,Blick Inc,blic.inc.up@phinmaed.com,f3ee55ec-2385-48b8-880d-b857c8866479,2024-09-16T21:37:26.113Z,Pending,2028,0
5720a2e5-b6d8-4135-8761-bfdf028c3130,Bailey Group,bail.group.up@phinmaed.com,fd920706-dd46-4bac-8ee6-d6e1438e5d7a,2024-01-09T01:16:19.451Z,Invalid,1754,0
f8d0b748-2fd2-424c-afb9-0a17066c4077,"White, Wolf and Haag",whit.haag.up@phinmaed.com,bf1d50bc-4997-43e4-80fa-fac09f7cbac8,2026-03-05T15:23:44.802Z,Invalid,300,0
dd0fd4da-510b-4421-bbf1-0b6445494a6d,Gleason Inc,glea.inc.up@phinmaed.com,184e32a9-3ddc-4772-9419-e1c48c7deb1c,2026-10-02T12:11:28.532Z,Pending,1758,1
cf274fde-f7bc-42b4-b1d3-16b37fe2d295,Stroman and Sons,stro.sons.up@phinmaed.com,2401ca9c-9a7f-42d1-94b7-df07e1b71c84,2023-12-15T00:40:26.707Z,Pending,425,0
6d788f0f-56db-4b18-897f-b62a56dc883d,"Barton, Johnston and Walter",bart.walter.up@phinmaed.com,70967f26-2068-4b7f-a122-f368d0aac819,2023-09-01T23:16:38.876Z,Pending,324,1
8382d49c-a80b-4478-84a6-6e2901c614b5,Emard Inc,emar.inc.up@phinmaed.com,390b5941-f24b-4bac-b708-05d417bba3f9,2025-05-13T16:46:59.753Z,Invalid,1006,0
cffa3aa6-97d9-46a5-af34-e4c5fee23c91,Marvin - Altenwerth,marv.altenwerth.up@phinmaed.com,fe123c56-cc12-47ec-8f3b-0715fdd4e1c8,2026-02-17T11:06:11.630Z,Pending,722,0
77a42f2a-83c4-45ef-8a5a-833b7d397003,Stiedemann - Barrows,stie.barrows.up@phinmaed.com,8681b4dd-7c75-4d93-80bd-afa6798c8fb3,2024-10-12T00:15:00.142Z,Invalid,2217,0
8f6dbe04-d148-46e8-ac11-23aad3934c26,"McCullough, West and Anderson",mccu.anderson.up@phinmaed.com,381e73b0-345b-4ce9-a9f9-3f82376a5c7f,2024-11-26T15:35:10.720Z,Valid,447,0
2e26bbeb-7077-4eda-93b0-a4826796160b,"Schaefer, Haley and Haag",scha.haag.up@phinmaed.com,24ca5b3a-e130-4aeb-b729-cd8736035457,2023-09-23T05:08:57.622Z,Invalid,2209,0
6fc7c61c-fcbf-4337-b60e-134e72bf5cb9,Bauch LLC,bauc.llc.up@phinmaed.com,38c61460-e210-4de9-883f-6d12ca9aeb12,2024-11-03T12:43:05.063Z,Valid,321,0
33c40fe3-9350-4071-ac7e-3b45da561376,Hickle - Jacobi,hick.jacobi.up@phinmaed.com,92543861-75e6-4dd3-a725-65531c0ebd94,2023-09-27T10:13:27.316Z,Valid,2429,0
b8f2bad3-a15a-4531-9335-38e36e09ad17,Wiza - Abshire,wiza.abshire.up@phinmaed.com,32ce610c-2959-455d-b507-b783bd9d52ae,2025-01-16T04:11:18.857Z,Invalid,1399,0
e590fa41-77d4-43e4-a611-8a1af93708bd,Berge - Gorczany,berg.gorczany.up@phinmaed.com,007b9655-8571-4293-920b-900b648aaa0a,2024-07-01T10:10:35.693Z,Valid,1024,0
c24b0998-56e3-4d6b-9bf4-3fa1f56d6f35,Quitzon - Mann,quit.mann.up@phinmaed.com,24463b40-134c-4cd7-a7df-b3831f40c0bb,2023-01-16T17:11:31.683Z,Valid,1767,0
edd38386-4738-46ea-abbb-5b4e96240d23,Rolfson Group,rolf.group.up@phinmaed.com,32ce610c-2959-455d-b507-b783bd9d52ae,2025-06-09T18:29:17.697Z,Valid,1047,0
548d93b3-d4ff-46e1-aa0a-528e956168c0,Hirthe LLC,hirt.llc.up@phinmaed.com,dfb84768-49a4-4f90-b3f6-335b5ec6e645,2023-12-19T11:44:19.967Z,Valid,394,0
e02d09a8-6c8f-4e80-a3de-505f0d25e786,Dickinson - Beatty,dick.beatty.up@phinmaed.com,5fbae290-fd32-43c1-b4f4-52b317533b2b,2023-04-15T09:12:11.334Z,Valid,824,0
8716bec0-59f2-47c7-a113-53958e9d9f5b,Kautzer and Sons,kaut.sons.up@phinmaed.com,7db6040d-5b14-43e6-aa2d-32e682189e6e,2024-01-29T16:31:20.950Z,Valid,195,0
39fe60c0-8b98-4c69-adcc-e5c0ebd4ee63,"Cruickshank, Schoen and Ernser",crui.ernser.up@phinmaed.com,baf40946-4d08-43bd-9666-9316094e241d,2024-11-27T00:22:29.968Z,Invalid,1079,0
c1e1ec2b-9eeb-4905-a5ca-0440e5dcb213,Hamill Inc,hami.inc.up@phinmaed.com,3e8a3b1b-937d-408d-87e7-9f8d18025b54,2026-09-01T03:11:17.421Z,Invalid,265,0
ff9ee190-7f80-4f16-b6ec-10f461cf214d,Schumm Inc,schu.inc.up@phinmaed.com,c946eef7-f3a5-4270-ad02-541dc58e88ba,2025-02-16T20:16:48.567Z,Valid,1242,0
d06a1385-fd9d-430a-a939-3c79dc0fb36d,"Borer, Boyer and Dickinson",bore.dickinson.up@phinmaed.com,93bf2e2a-9d4b-4de7-93d5-97d9505ef167,2023-03-07T16:58:19.570Z,Valid,2271,0
fc6ed0aa-526a-470f-8eca-353bb425f14a,Beatty - Hauck,beat.hauck.up@phinmaed.com,6c1ee695-b04e-4b41-992f-b07aeb7e41ef,2026-04-01T15:54:52.345Z,Valid,1867,0
6ac93936-283d-4cda-bd1a-1495ac6f48ab,Strosin - Grant,stro.grant.up@phinmaed.com,9e5971d4-d1c1-44df-b553-81e881eed9f6,2025-06-09T01:40:30.693Z,Valid,2022,0
8e6f6811-039c-4aa4-ac7e-8609403ff90d,Goyette Inc,goye.inc.up@phinmaed.com,2a0e9be6-f615-4b37-8e77-5eba37cc2c54,2025-04-27T21:12:49.946Z,Valid,1200,0
216d3790-4d31-433a-b10e-7506dcf5487f,Rolfson LLC,rolf.llc.up@phinmaed.com,edc96201-8fb2-4a2f-93de-750d8b56f226,2024-01-05T22:59:17.178Z,Valid,752,0
977526f0-2c2c-4406-bf44-25b5e9324691,Strosin and Sons,stro.sons.up@phinmaed.com,a585354b-2b53-4444-bfff-ba35eb0bf114,2025-12-03T05:29:01.814Z,Invalid,2030,0
e8339b2f-390d-468a-b53a-efddc9f4fd00,"Kihn, Rempel and Harvey",kihn.harvey.up@phinmaed.com,1d06f144-b4a0-4c56-b5d6-0bca24b62774,2026-03-24T02:00:07.782Z,Valid,1450,0
952c0571-3297-402e-b0a0-5ae2709940b9,Huels - Powlowski,huel.powlowski.up@phinmaed.com,455be0ed-2967-4aac-9a90-bf499bd908fb,2023-05-27T14:59:58.421Z,Valid,1357,0
163001a6-485b-4aed-8f66-969e4fd38150,Lueilwitz - Crooks,luei.crooks.up@phinmaed.com,2598e9da-a594-4236-b2db-a5af44827c1f,2024-09-29T05:05:13.714Z,Invalid,538,0
edb101a0-c768-4fa8-8128-233c502ce13a,Marquardt Inc,marq.inc.up@phinmaed.com,29b56414-b305-4303-9285-92362d0d804f,2026-11-21T23:09:18.025Z,Invalid,618,0
4a3cc236-fa57-4ce5-bd17-637bf075941e,"Gulgowski, Rowe and Vandervort",gulg.vandervort.up@phinmaed.com,f2662c2d-bd88-48b0-a091-0ff879ee0e31,2026-06-16T21:12:34.197Z,Valid,1293,0
85fd6eae-d45d-4d04-b0f4-639d2fb13c03,Lockman Inc,lock.inc.up@phinmaed.com,a945c90a-def0-4ccb-a191-c67ad416080b,2023-10-08T11:37:26.206Z,Pending,1349,0
4f98ca42-9884-424b-a58f-9964d333cb3c,"Gleichner, Hegmann and Hessel",glei.hessel.up@phinmaed.com,58fd293b-4229-41e6-a39b-12343ca7baf6,2025-02-02T02:10:42.792Z,Pending,1350,0
2b9c5e13-2548-46fd-b874-814db2e2eabb,Jast - Cassin,jast.cassin.up@phinmaed.com,8681b4dd-7c75-4d93-80bd-afa6798c8fb3,2026-02-08T10:28:59.397Z,Valid,2176,0
d7993ece-c190-43c4-85f2-f7b4df2013bd,"D'Amore, Bednar and Shields",damo.shields.up@phinmaed.com,e6c26f5a-61e4-4128-b746-32078afc06b7,2025-10-25T01:09:30.553Z,Valid,2122,0
694972d4-de80-46a6-9628-e1666d0220b5,McDermott and Sons,mcde.sons.up@phinmaed.com,f3c67a7a-bd95-498d-8f1a-b4e83358c1a2,2024-07-19T04:31:12.134Z,Valid,710,0
be0cb4c5-65cb-4e11-af33-359e27183b03,Predovic - Schmitt,pred.schmitt.up@phinmaed.com,0becdfd9-cc12-4a82-8e0a-a8838def4e1e,2025-07-13T06:17:22.356Z,Valid,319,0
fdda1cf9-bf91-43b0-a682-e2d462c158d1,Franecki LLC,fran.llc.up@phinmaed.com,4025fa00-921a-4b52-a1a1-4e5415c889ab,2023-03-27T05:15:51.652Z,Invalid,580,0
e331173c-5cff-40dc-b27b-68f473f9aa92,"Gerlach, Hegmann and Torphy",gerl.torphy.up@phinmaed.com,64ad115d-5ae6-4572-8806-ec9590e9ef36,2026-11-19T06:33:17.490Z,Valid,2289,0
f585a2bc-ce48-4c39-b654-c930375e1344,Tremblay - Hahn,trem.hahn.up@phinmaed.com,4d63b394-5c7c-45aa-b31f-b2a27940b9f0,2025-12-11T21:49:13.656Z,Valid,605,0
4f880a76-3f12-47ae-bba9-c67bf9b7ca9a,Cartwright Inc,cart.inc.up@phinmaed.com,461cde46-8116-46cc-b319-b2c0da6ecd51,2023-10-23T17:02:23.808Z,Invalid,2319,0
f866052c-57b2-483e-9086-4d7a8c4b1e98,Jenkins LLC,jenk.llc.up@phinmaed.com,5fcd35b6-1099-471d-95b2-c113fb006e70,2026-12-23T01:28:23.513Z,Valid,526,0
ab53dc94-f25e-4894-9016-d6cbdd1cab20,Swift LLC,swif.llc.up@phinmaed.com,dab9b018-561e-47ee-ae34-1bc196e0cc09,2025-03-28T01:26:30.732Z,Valid,2399,1
e6512655-a81e-461d-a606-72363629837d,"Shanahan, Connelly and Pacocha",shan.pacocha.up@phinmaed.com,461cde46-8116-46cc-b319-b2c0da6ecd51,2025-10-26T23:41:09.283Z,Valid,398,0
0b2d45c2-c1ac-4878-9a35-dbad70a3bb20,Senger - Braun,seng.braun.up@phinmaed.com,dbec259c-9e42-4c97-9e26-3ac081feaa5f,2023-02-05T09:50:07.515Z,Valid,942,0
b335507b-16c0-4de3-81a9-51bdeee7aef5,Bayer - Crist,baye.crist.up@phinmaed.com,4025fa00-921a-4b52-a1a1-4e5415c889ab,2023-10-25T20:32:46.042Z,Invalid,195,0
b88467a1-ea9a-430c-af25-720e9f0a9bdb,Ritchie - Leuschke,ritc.leuschke.up@phinmaed.com,d8ce8e4d-3a3a-4c6a-adae-8d6adcd75169,2026-08-24T21:43:55.427Z,Valid,1597,0
f15b1a74-5464-4ebe-8095-8f041d9dd78d,Bode - Osinski,bode.osinski.up@phinmaed.com,1378b358-6821-41d4-8ad5-5d75b9887836,2024-04-06T12:16:49.412Z,Pending,1217,0
bbdd3705-a3d5-4a23-9908-e19fe3aefb01,Goldner Group,gold.group.up@phinmaed.com,8ff69faf-2c2b-4ce0-b126-a87dd4dda3c4,2024-11-28T15:53:30.563Z,Valid,1752,0
7eca6f2b-6e46-4007-8409-64195ac90c17,Bartell Group,bart.group.up@phinmaed.com,f00c6abf-23cd-444d-8f81-8c3ee8979d36,2023-11-27T22:57:16.210Z,Valid,521,1
e6ce4fec-7346-4e49-8321-c3aa8d58f388,Crist - Labadie,cris.labadie.up@phinmaed.com,7e78c98f-0678-4efa-8dba-df0bef704810,2023-05-16T19:41:10.544Z,Invalid,961,0
112bb9ac-7460-4a70-8b9b-546b5f95d216,"Carroll, Wolff and Cummings",carr.cummings.up@phinmaed.com,f0bbeae2-372b-4f55-8b62-bc5e6c9c4bb1,2025-06-20T16:03:39.158Z,Valid,826,0
8b5baf39-bd71-4c0b-86a1-89b583df5062,"Herman, Okuneva and Ruecker",herm.ruecker.up@phinmaed.com,704b65b5-de25-41b4-8284-7d9d487906e3,2023-03-31T06:05:51.119Z,Pending,392,0
399acc3d-a65f-4eee-b4db-236c7e3b147b,Lakin - Streich,laki.streich.up@phinmaed.com,8ecd1585-1a6a-4d13-b986-4b148c579ac8,2023-12-26T20:56:47.204Z,Pending,2390,0
956da102-b062-4f60-8f0e-045b1188fa5c,Green - Wyman,gree.wyman.up@phinmaed.com,381e73b0-345b-4ce9-a9f9-3f82376a5c7f,2023-01-26T03:34:51.413Z,Valid,1170,0
0fdcca42-01bb-4b5d-9a37-5544dd3cc7c0,Runte - Mosciski,runt.mosciski.up@phinmaed.com,adb969ef-f3eb-47f5-a213-0a9421ce00d1,2023-01-11T22:50:43.719Z,Valid,2273,0
4b435426-6d36-43d1-b18d-39114d22df21,Jenkins - King,jenk.king.up@phinmaed.com,3d24a444-c7c1-4691-82c4-df2db4812c52,2024-11-27T15:30:01.427Z,Valid,1596,0
7043bfa2-9aee-4a30-9a58-9b36c6c69b66,Mosciski - Harris,mosc.harris.up@phinmaed.com,78ea9c31-fd8b-45b9-af67-dc3e3dc71549,2025-01-02T21:56:48.176Z,Pending,935,0
e22f98db-485b-400c-9347-f20cdec9c10f,Maggio - Kutch,magg.kutch.up@phinmaed.com,d5ada661-d8b4-47cc-b32e-f119308eeccb,2023-01-31T16:48:48.653Z,Valid,2161,0
4df8fc24-7240-4a2e-a366-197766592135,"Oberbrunner, Douglas and Bailey",ober.bailey.up@phinmaed.com,4da6d71d-42ba-4357-a5dc-ad22ee486fe6,2025-07-23T07:11:24.380Z,Invalid,472,0
d6af42aa-0825-48ef-8df7-a0106c9676f2,"Keeling, Pfeffer and Gottlieb",keel.gottlieb.up@phinmaed.com,66bec61e-4998-4c15-840e-b5335fb4ac0b,2023-10-09T23:00:04.697Z,Valid,642,0
efef65db-2f9a-48c6-b9cc-72cc0bbf4801,"Christiansen, Lynch and Bradtke",chri.bradtke.up@phinmaed.com,4d09330a-43b5-4690-b8e9-07dab6db0e41,2025-07-08T22:27:24.514Z,Valid,468,0
fae3be2c-9978-4afa-a474-64ed9eeeed1d,"Mitchell, Armstrong and Ledner",mitc.ledner.up@phinmaed.com,19d3f52b-b5eb-4991-82a2-bae2628e806a,2024-03-11T11:39:51.357Z,Invalid,790,0
f05c29ab-cef9-45e9-8806-dfd05c66c570,"Fritsch, Batz and Kovacek",frit.kovacek.up@phinmaed.com,69ce1560-da19-4aed-b189-104ba5fae59e,2025-12-23T02:16:49.511Z,Valid,1618,0
7ec9227c-039d-4721-b28d-c2c3d92b0df2,"Kulas, Zemlak and Dietrich",kula.dietrich.up@phinmaed.com,60b93d83-3002-4cf7-83f2-43a83d430753,2023-01-19T02:47:16.185Z,Valid,2277,0
d024320b-e544-40a8-a85b-44e8f3be3209,O'Hara Inc,ohar.inc.up@phinmaed.com,735df96c-6c1c-46e1-92f1-8f58ab8f6b5f,2026-04-06T04:01:44.711Z,Invalid,364,0
25b36649-07a4-4232-933f-2b76fbafaeef,"Runolfsson, Schiller and Fritsch",runo.fritsch.up@phinmaed.com,4d63b394-5c7c-45aa-b31f-b2a27940b9f0,2023-05-07T03:47:00.913Z,Invalid,1209,0
c5a4a6a3-d5ef-4c60-a664-26867fcf44bf,Streich - Langworth,stre.langworth.up@phinmaed.com,e1c75ae5-4741-4894-876a-5faa7f310ac1,2025-03-31T01:36:45.654Z,Pending,1314,0
f9714bad-dd1a-4bfa-b51b-c6b5cefb799d,Beier Inc,beie.inc.up@phinmaed.com,ca043afc-2e07-404a-9a6b-a59d5eb1d7aa,2024-11-02T13:07:50.328Z,Valid,2064,0
445d13c6-7c54-4f0f-9fd9-7f930d27a5e5,Wuckert Inc,wuck.inc.up@phinmaed.com,bb24763b-6257-4959-9370-9db6c482ef01,2026-04-19T13:37:30.480Z,Invalid,1793,0
7c0aabe3-adca-4bb3-8f97-818ae64410f8,"Windler, Stamm and Collier",wind.collier.up@phinmaed.com,9885f11e-022c-4195-96d3-d13de8200a43,2023-03-20T14:00:17.616Z,Invalid,600,0
0ec6712d-079d-457b-8856-a2817145b106,Corwin LLC,corw.llc.up@phinmaed.com,154a880e-6092-46f6-a77c-bb658fd2dce9,2025-09-25T08:42:45.079Z,Valid,510,0
dafdb6ec-cb16-4634-b3a0-831061c43efd,"Mertz, Welch and Mitchell",mert.mitchell.up@phinmaed.com,d2dee10f-b6e3-4853-b9e0-725ec44567df,2023-07-24T16:30:34.921Z,Valid,462,0
307795b1-7007-4990-adde-1f96dcccdf1d,"Parker, Abshire and Mayer",park.mayer.up@phinmaed.com,b9f6b881-c3ea-482b-9079-7a7d963c41cf,2025-12-25T23:36:55.616Z,Valid,1121,0
b3ce8425-f3bb-442e-ae05-00c67b796ff8,Keebler and Sons,keeb.sons.up@phinmaed.com,7d81eb71-edc3-46d6-ac92-b51f2f76bff9,2025-03-08T20:13:13.628Z,Valid,650,0
f6e77fbf-669a-48c0-b2ec-9f244af064da,Conroy Group,conr.group.up@phinmaed.com,94b55923-a475-444d-bd86-ec37b3f75d34,2025-09-28T04:26:36.362Z,Valid,544,0
e7dcbe77-7db6-4f71-9225-a218ca319f3c,Farrell and Sons,farr.sons.up@phinmaed.com,223eab27-f0f8-4416-a93f-4e5b0846ab4c,2026-07-27T04:08:40.110Z,Valid,679,0
626fcbff-23e2-476c-8050-6ca5f3d5ce8e,"Welch, Feest and Hane",welc.hane.up@phinmaed.com,d2dee10f-b6e3-4853-b9e0-725ec44567df,2026-01-21T10:23:55.734Z,Valid,2311,0
b41fa4be-4377-41e3-8c66-723381a3627d,Olson - Rogahn,olso.rogahn.up@phinmaed.com,8d076faf-dc26-48b8-a3ea-807dc1a18dbd,2026-09-17T10:47:58.247Z,Invalid,1561,1
de5b7145-a200-4857-87e2-25e8bd2b8529,Erdman - Friesen,erdm.friesen.up@phinmaed.com,29b56414-b305-4303-9285-92362d0d804f,2024-09-25T18:18:38.324Z,Valid,1269,0
7d5073ac-a547-4308-8ff1-6282a9c9632f,O'Conner Inc,ocon.inc.up@phinmaed.com,2401ca9c-9a7f-42d1-94b7-df07e1b71c84,2024-01-24T07:14:06.956Z,Invalid,650,1
62a19720-1f04-4fa4-b7cb-3af9ee7cf029,Moen Inc,moen.inc.up@phinmaed.com,4f81bea4-157a-4eae-a3de-4447c74b9c78,2026-04-04T10:07:01.328Z,Valid,419,1
58e29949-46b8-4716-a388-f801b18f55b3,"Prohaska, Bayer and Bruen",proh.bruen.up@phinmaed.com,fb9a90f0-eb36-4cbc-bd4f-b9be7d68daf2,2025-12-31T03:35:20.954Z,Pending,1875,0
2f098785-4a99-49aa-abaa-1a6cafb37281,"Zieme, Heaney and Deckow",ziem.deckow.up@phinmaed.com,c693f366-2623-4888-a5e0-1e6c7eb822a8,2025-06-23T23:15:01.421Z,Valid,462,0
accd7f8b-7b81-429e-99c4-d7bf8e07947c,Mertz - Ward,mert.ward.up@phinmaed.com,4dd00ecf-5eef-40f9-ac56-60578f348b03,2023-09-17T08:57:30.820Z,Invalid,897,0
d533b9cb-2a2f-4975-a40b-1caf8ff468c2,Hartmann - Cassin,hart.cassin.up@phinmaed.com,6809a2ec-f2fb-43a8-a499-d01bc8401324,2025-06-29T01:44:31.484Z,Valid,340,0
06bbd14f-4511-409c-950e-8199171eac53,Barrows - Ankunding,barr.ankunding.up@phinmaed.com,002db8fc-8adc-4936-9039-91249015321f,2023-06-18T22:40:09.514Z,Valid,2339,0
81b2bfa7-2edb-4e11-b209-3b5cfa8e17ab,Bode - Schoen,bode.schoen.up@phinmaed.com,cbd392a7-36ef-43da-9492-e26bf457aea4,2024-12-19T14:04:18.081Z,Invalid,176,0
5680a3b8-3cee-4267-893f-d59cf282bed7,Spinka Inc,spin.inc.up@phinmaed.com,b74b06f6-eda0-48c1-84e7-510a7ce577b6,2026-04-19T01:12:41.714Z,Pending,1402,0
1a45bf05-f5ab-4ae8-9170-fbf654b6aa54,Murray - Sanford,murr.sanford.up@phinmaed.com,7de9749a-56c2-4593-995b-f3522a4d8e45,2026-06-05T05:46:15.940Z,Valid,1281,0
82dd2311-f7fa-412d-9d54-7a71346c2b3b,Pacocha - Lowe,paco.lowe.up@phinmaed.com,b08b53cc-dc13-42af-b6e8-14a4e796756f,2025-03-26T09:45:15.820Z,Valid,485,0
0f8acc56-8e03-45c2-9077-3a6176c97422,"Daniel, Kulas and Grimes",dani.grimes.up@phinmaed.com,ece235a9-64c2-4148-9d5e-15d9ed5b7149,2026-07-29T20:24:11.563Z,Pending,278,0
3c5607a9-185c-4534-985d-60f29792e873,Ondricka - Schoen,ondr.schoen.up@phinmaed.com,b910dba4-c6a5-4336-8c3c-9b18b0d208c9,2023-08-28T11:30:16.352Z,Valid,307,0
b0544405-fb7e-4637-bf48-05b840fc1748,"Jacobi, Beatty and Schoen",jaco.schoen.up@phinmaed.com,06241f02-1515-4a0f-b3be-de60da920d5c,2023-05-02T21:08:05.585Z,Invalid,735,0
39ca2367-72d2-4efb-acc1-d1a28f998da1,"Medhurst, Mayer and Cummerata",medh.cummerata.up@phinmaed.com,2f72a178-e3d1-4abe-8b7a-6ac63f2d3693,2024-11-21T14:28:16.933Z,Valid,332,0
864c9e89-c9a3-4d79-9296-bfe8919acfee,Bailey - Kutch,bail.kutch.up@phinmaed.com,45653e08-47ed-4bcd-a742-89ab3b2a69e5,2025-01-28T03:49:44.657Z,Valid,1990,0
ca8e3ada-1ddd-4db6-8aca-f7b3190eaabc,Bernhard - Lockman,bern.lockman.up@phinmaed.com,014ae4aa-e0f9-4b18-9fa6-19ccbe7a52c5,2023-10-17T14:09:40.466Z,Valid,858,0
866f5907-94d9-4ac8-ac6b-549b68d8bf22,Spencer LLC,spen.llc.up@phinmaed.com,b74b06f6-eda0-48c1-84e7-510a7ce577b6,2023-05-24T19:39:22.080Z,Valid,157,0
1ebcd9ac-3f2f-4a0a-9137-685be86b70fd,Heaney Group,hean.group.up@phinmaed.com,102e626a-e754-4fa5-ab35-06bdf6133010,2026-08-22T10:49:54.519Z,Pending,1231,0
1f1b9f23-4c21-4103-a5d3-98fa63f1ab5d,"Stracke, Jaskolski and Corwin",stra.corwin.up@phinmaed.com,7dd99139-ee77-40b1-b49b-b350fbce4d31,2025-05-07T05:43:21.370Z,Valid,651,0
adfca9cb-3efa-4c0b-b4ca-453cf230c7cf,Stark LLC,star.llc.up@phinmaed.com,4da6d71d-42ba-4357-a5dc-ad22ee486fe6,2024-01-15T19:54:52.510Z,Valid,930,0
e2a79a56-a9d4-420b-a322-61285811ef97,"Greenholt, Reinger and Leffler",gree.leffler.up@phinmaed.com,24463b40-134c-4cd7-a7df-b3831f40c0bb,2024-07-28T04:10:44.774Z,Valid,915,0
8702e79c-a7d3-4b51-8743-bb57d032395f,"Price, Ziemann and Tromp",pric.tromp.up@phinmaed.com,704b65b5-de25-41b4-8284-7d9d487906e3,2024-02-04T22:07:14.424Z,Valid,1325,0
f73e00dd-46db-4275-9b87-5b8bf3113d6c,Schiller - Hackett,schi.hackett.up@phinmaed.com,0becdfd9-cc12-4a82-8e0a-a8838def4e1e,2026-07-14T07:09:44.142Z,Valid,2299,0
b7dcb5ca-748f-4577-8f4f-a8df872903c2,"Smitham, Parisian and Morar",smit.morar.up@phinmaed.com,f53dc07c-ecf7-4ad3-9277-2b546b821b3f,2024-07-19T16:46:14.261Z,Valid,1481,0
e6b3b9d0-a70c-488a-ad00-b9bc05bd1c3e,"McClure, Grimes and Fritsch",mccl.fritsch.up@phinmaed.com,5357627f-d6d0-430f-b4c6-3480ff6737cb,2024-03-25T09:16:01.437Z,Valid,1239,0
eb159e68-32a1-4235-8392-043b00850d0b,Roob and Sons,roob.sons.up@phinmaed.com,4979b80b-e44e-4741-bdb5-1002b9ffe2ab,2023-07-18T14:37:30.225Z,Invalid,2000,0
17e7a415-8f3e-4722-a4de-5040659d3110,Erdman Group,erdm.group.up@phinmaed.com,f3ee55ec-2385-48b8-880d-b857c8866479,2024-11-14T17:50:31.560Z,Pending,1160,0
89eb124b-84b9-443e-a698-dad9f26353dd,Hansen - Nader,hans.nader.up@phinmaed.com,542aa806-dbc3-4b1b-be9f-8208e55dd62f,2023-10-26T06:49:25.925Z,Valid,1176,0
d766f7c1-2234-4400-abe7-49c861685836,Medhurst and Sons,medh.sons.up@phinmaed.com,38c61460-e210-4de9-883f-6d12ca9aeb12,2024-05-17T17:07:44.388Z,Valid,2169,0
59a05cda-01ce-42bd-90d2-a38997d6ff17,Baumbach LLC,baum.llc.up@phinmaed.com,7d81eb71-edc3-46d6-ac92-b51f2f76bff9,2026-12-20T23:41:13.248Z,Pending,1057,0
4152a43f-f2da-4edc-857c-051a6fab8911,"Hane, Turcotte and O'Reilly",hane.oreilly.up@phinmaed.com,99c322f6-ec4c-402d-a394-b66ed6d955b4,2026-03-19T13:36:12.761Z,Invalid,612,1
3724ac03-b3fa-4f4b-913b-11bb03544104,"Lynch, Champlin and Heathcote",lync.heathcote.up@phinmaed.com,3eb684b2-1d52-4920-b30d-5353cb8c5960,2024-02-04T18:07:16.041Z,Valid,1280,0
fff527ec-8d7f-4568-8e9f-e605ed6f1226,Collier Group,coll.group.up@phinmaed.com,a945c90a-def0-4ccb-a191-c67ad416080b,2025-01-22T19:18:26.463Z,Invalid,1193,0
95affc56-621a-4c61-981f-def9b909c38b,Walsh Group,wals.group.up@phinmaed.com,be406329-05c8-452b-9a8d-3649f06896a4,2025-01-22T16:05:43.203Z,Valid,1341,0
c948ddc3-647f-4ca8-a11a-5bce96409154,VonRueden - Kutch,vonr.kutch.up@phinmaed.com,7dd99139-ee77-40b1-b49b-b350fbce4d31,2026-11-07T23:15:50.539Z,Valid,596,0
7dc6f351-e437-4878-b49d-d35516316b79,Hamill - Brakus,hami.brakus.up@phinmaed.com,1d06f144-b4a0-4c56-b5d6-0bca24b62774,2024-11-19T23:32:48.255Z,Valid,1428,0
e8c0f971-5746-498b-839f-f9539313a1b3,"Jacobson, Oberbrunner and Rempel",jaco.rempel.up@phinmaed.com,4eccd418-519d-4d55-a5bd-c748f0f3207d,2025-07-16T02:50:50.928Z,Invalid,621,0
1b838fa8-b6a7-4cb7-8e8a-f32fb17a2b56,Satterfield and Sons,satt.sons.up@phinmaed.com,f2662c2d-bd88-48b0-a091-0ff879ee0e31,2025-02-10T19:04:34.495Z,Valid,1771,0
2f9bb149-66dd-425d-97b7-d5d14cef24af,Toy Inc,toy.inc.up@phinmaed.com,1e69f8e5-68d3-4cc3-a5f4-1d033cab158b,2026-11-25T10:03:58.724Z,Pending,2493,0
f2c12600-6508-4c3b-9c63-525b5e18a2e4,Rath and Sons,rath.sons.up@phinmaed.com,12b51cc6-57d6-4033-adda-57dc5f4dbc36,2023-10-18T22:36:02.781Z,Valid,1433,0
2d2ad27c-453d-4a46-87f8-5c010ebe1091,Luettgen - Funk,luet.funk.up@phinmaed.com,542aa806-dbc3-4b1b-be9f-8208e55dd62f,2025-07-17T04:43:07.223Z,Valid,1252,0
1ca8ef0b-3fbf-4190-b881-3d58b1c2566a,Ankunding Inc,anku.inc.up@phinmaed.com,0c8f02f6-6a6b-45e5-a40d-96ab1c444965,2026-07-04T22:16:35.287Z,Valid,419,0
94e11d27-649e-4a46-a689-47f2b6395630,Schultz - Stark,schu.stark.up@phinmaed.com,1378b358-6821-41d4-8ad5-5d75b9887836,2024-06-03T02:50:10.690Z,Invalid,207,0
74414309-27b1-461a-88c3-cdad8dd768b3,"Will, Senger and Mann",will.mann.up@phinmaed.com,10ef97f7-580f-4f3a-b07c-7e068a3318fb,2026-08-03T20:13:44.456Z,Valid,517,0
a6aadea7-ecae-44a6-800d-ab287281b092,"Larkin, Lueilwitz and Bogan",lark.bogan.up@phinmaed.com,b6a0653e-2081-4a5e-b48f-a1b6c057a399,2024-12-10T16:44:34.471Z,Valid,1823,0
1146eb2d-a16a-4171-9a7d-3aeaa3d395ce,"Lowe, Hoppe and Hoeger",lowe.hoeger.up@phinmaed.com,4c148378-6ca3-4c17-a9a0-8a74c158a1f8,2025-09-17T05:23:35.726Z,Pending,1618,0
2c69f459-f481-4d50-a761-4cb1291fbd47,Mohr - Yundt,mohr.yundt.up@phinmaed.com,89fe4844-0c27-4440-9bef-091c45b75cf6,2025-02-12T11:02:59.899Z,Valid,2432,0
5bda57a9-c13b-414a-8f78-741cc2d15715,Fahey - Fisher,fahe.fisher.up@phinmaed.com,00c6dfc6-03e4-4cfd-a907-ce8756961ad8,2023-05-31T14:44:42.657Z,Pending,1744,0
b4285054-6777-45d3-901c-e994d2260053,Botsford - Kshlerin,bots.kshlerin.up@phinmaed.com,38c61460-e210-4de9-883f-6d12ca9aeb12,2023-06-06T09:33:07.995Z,Pending,1828,0
717943e4-2b83-4505-9c5b-11ae4f991009,Conn Inc,conn.inc.up@phinmaed.com,3d24a444-c7c1-4691-82c4-df2db4812c52,2026-04-20T22:47:50.434Z,Valid,1253,0
b6868170-52d4-4743-b4f5-2fc901f282d8,Dare Group,dare.group.up@phinmaed.com,dab9b018-561e-47ee-ae34-1bc196e0cc09,2025-11-23T19:04:24.547Z,Pending,1836,0
58d6425b-8092-4f77-a076-accd9d676915,"Wolff, Kilback and Jakubowski",wolf.jakubowski.up@phinmaed.com,96f38c5c-79eb-4935-b820-b5c31e15ee2f,2026-07-07T10:45:25.310Z,Valid,2472,0
12b8d5f3-8a12-4cb9-8032-05bf632474c9,Bogisich - Swift,bogi.swift.up@phinmaed.com,10ef97f7-580f-4f3a-b07c-7e068a3318fb,2025-02-27T21:57:01.588Z,Valid,213,1
fc0a65c0-aa58-4e32-b8e8-6c2a2509ff3a,Ziemann Group,ziem.group.up@phinmaed.com,e50ac845-811e-423a-9db7-7c038f73ca3b,2026-04-11T08:52:06.314Z,Valid,1506,0
e83c94b2-7aa8-4246-808a-887743109a3d,Kohler - Schulist,kohl.schulist.up@phinmaed.com,baf40946-4d08-43bd-9666-9316094e241d,2026-05-30T14:25:59.321Z,Invalid,1948,0
79d8a206-c891-4f56-a870-dc25149e3c21,Hansen and Sons,hans.sons.up@phinmaed.com,a945c90a-def0-4ccb-a191-c67ad416080b,2024-12-10T15:28:21.590Z,Pending,2012,0
67d7099e-1a1f-46d1-939f-1ae447bb4389,Hamill and Sons,hami.sons.up@phinmaed.com,f53dc07c-ecf7-4ad3-9277-2b546b821b3f,2023-09-13T14:29:34.877Z,Pending,642,0
15b9a883-9d66-4c13-8e73-b7ed899a09d2,Pacocha - Stokes,paco.stokes.up@phinmaed.com,eb09857a-bf2d-4693-8f21-ae6cd23d9f89,2023-05-31T07:12:36.461Z,Valid,2431,0
e7cb822b-f16d-40fc-aaa3-e81248a19746,"Medhurst, Halvorson and Powlowski",medh.powlowski.up@phinmaed.com,9f7d5331-f9f7-4113-b050-d9fa6d2e5491,2025-03-10T07:55:09.229Z,Valid,1416,0
51b2996b-9a86-41b6-9ce8-86b6c07865eb,Hickle LLC,hick.llc.up@phinmaed.com,a77b7fad-e732-4e3c-be7b-cc6bd13dcd1e,2024-06-01T06:32:27.107Z,Valid,2241,0
930a8f71-3381-49d1-a40b-c82188caf5f3,"Champlin, Orn and Mayert",cham.mayert.up@phinmaed.com,ac512353-8b78-4739-aa91-c139a60b52e4,2025-04-26T18:18:00.952Z,Valid,1025,0
d29f3c79-9c38-4cf8-ae72-70a1dca4a966,Pouros LLC,pour.llc.up@phinmaed.com,d7f169f6-35ad-44f9-9d15-18736d41f4e6,2024-10-06T10:06:36.423Z,Valid,1827,1
1441146b-9dec-4bbb-a455-366ead6dfb2c,"Gerhold, Romaguera and Schneider",gerh.schneider.up@phinmaed.com,002db8fc-8adc-4936-9039-91249015321f,2025-11-30T09:24:25.365Z,Valid,330,0
61765cdd-2e9e-4807-a120-d6143e6a51e7,"Kautzer, Kutch and Ziemann",kaut.ziemann.up@phinmaed.com,9f7d5331-f9f7-4113-b050-d9fa6d2e5491,2023-12-31T16:37:24.178Z,Valid,746,0
62721188-6e6b-477b-8252-9cbfb1d612b4,"Bosco, Mosciski and Sauer",bosc.sauer.up@phinmaed.com,ed42ab02-b773-4d79-9a1c-5c7ac715b1e3,2023-02-10T01:04:16.973Z,Invalid,423,0
89a4daf2-716b-4370-b0e2-409b39302d16,Pacocha Inc,paco.inc.up@phinmaed.com,2401ca9c-9a7f-42d1-94b7-df07e1b71c84,2026-04-15T15:33:24.672Z,Valid,1847,0
047d2c38-5751-4e52-9892-60881dee81ff,"Graham, Hackett and Kihn",grah.kihn.up@phinmaed.com,c693f366-2623-4888-a5e0-1e6c7eb822a8,2026-01-13T20:15:00.557Z,Valid,1635,0
76d6d6e1-c1f3-4c4f-8a6f-0cbffaf55617,Morissette - Schinner,mori.schinner.up@phinmaed.com,63e41d4e-f55f-464e-a97b-82d76db2248a,2023-08-07T22:34:35.336Z,Valid,543,0
69601f0b-faf5-4ad5-bffc-708a90d5ae4c,"Feeney, Dietrich and Fahey",feen.fahey.up@phinmaed.com,b74b06f6-eda0-48c1-84e7-510a7ce577b6,2023-04-27T01:17:57.316Z,Valid,1985,0
2d0342f7-a414-4578-b719-d0fc55d05052,Lubowitz Group,lubo.group.up@phinmaed.com,78a5e742-d3e1-4d9e-b0ac-c4eec318f588,2023-09-07T15:47:59.004Z,Pending,1365,0
d373f171-22b1-4a6a-a5de-c27045b7cafd,Brekke - Grady,brek.grady.up@phinmaed.com,bb90028a-9f83-4717-8713-fcccdf5d768f,2023-06-18T00:42:20.042Z,Valid,1363,0
48630ac8-93b8-4611-b800-7829830caf3a,Gulgowski - McDermott,gulg.mcdermott.up@phinmaed.com,a945c90a-def0-4ccb-a191-c67ad416080b,2026-09-21T18:32:46.930Z,Invalid,132,0
af94b8eb-29ff-461a-ba77-b37c0badf18c,Littel Group,litt.group.up@phinmaed.com,22ec22a0-830b-4db8-98fb-64aaa00d67ae,2025-07-05T05:05:06.245Z,Pending,2480,0
7b91f812-4e65-4c34-93f9-ae919b40b644,O'Hara Inc,ohar.inc.up@phinmaed.com,7dd99139-ee77-40b1-b49b-b350fbce4d31,2026-09-15T09:43:26.197Z,Valid,1795,0
ce478957-83a0-4111-b84b-2c5cd69b459f,"Braun, Wolf and McDermott",brau.mcdermott.up@phinmaed.com,f2662c2d-bd88-48b0-a091-0ff879ee0e31,2023-06-23T19:15:32.674Z,Valid,1002,0
aa691589-10ad-4848-b6b0-de5f2f1ae493,Little - Bergstrom,litt.bergstrom.up@phinmaed.com,002db8fc-8adc-4936-9039-91249015321f,2026-06-25T01:11:17.133Z,Invalid,2037,0
5e3a1213-e92c-430c-a102-be290e7a9ee0,Beahan LLC,beah.llc.up@phinmaed.com,073ed8bb-e0fd-4756-9ea6-970ad6abd452,2024-11-11T16:23:11.952Z,Invalid,2125,0
e9e70ed1-ef2b-45e5-a6ee-a463173e45ac,Schuppe Group,schu.group.up@phinmaed.com,4eccd418-519d-4d55-a5bd-c748f0f3207d,2023-04-09T11:31:25.132Z,Valid,2052,1
f8c93fa3-0354-4b63-b117-753a5c2b8cc5,Ledner and Sons,ledn.sons.up@phinmaed.com,19d3f52b-b5eb-4991-82a2-bae2628e806a,2025-04-21T02:44:55.224Z,Invalid,804,0
1c9a6f22-f232-4867-aba6-b0231fe8865e,Pollich and Sons,poll.sons.up@phinmaed.com,9e5971d4-d1c1-44df-b553-81e881eed9f6,2024-02-13T05:42:03.929Z,Pending,665,0
ca8e75f5-dd92-4ad2-a3ca-14eafac49802,Miller and Sons,mill.sons.up@phinmaed.com,29b56414-b305-4303-9285-92362d0d804f,2023-01-23T11:59:56.149Z,Valid,305,0
d1209b71-f6c1-4ad9-b53e-be1e7b61059a,Morar - Cremin,mora.cremin.up@phinmaed.com,390b5941-f24b-4bac-b708-05d417bba3f9,2025-05-28T18:35:21.400Z,Valid,945,0
613d3d7f-923b-4e10-a15f-358742c91786,"Wolff, Schroeder and Little",wolf.little.up@phinmaed.com,5fcd35b6-1099-471d-95b2-c113fb006e70,2024-04-03T11:06:19.024Z,Pending,389,1
67c9942d-93b7-4d6c-99ca-4a1262729561,Collins - Renner,coll.renner.up@phinmaed.com,542aa806-dbc3-4b1b-be9f-8208e55dd62f,2024-12-16T00:40:10.547Z,Valid,1097,0
9212f47f-02b5-4bc5-b5cd-c81b58def068,"Hickle, Blanda and Nitzsche",hick.nitzsche.up@phinmaed.com,2598e9da-a594-4236-b2db-a5af44827c1f,2025-06-20T01:40:35.378Z,Valid,2052,0
5963f8cf-9908-4598-b141-ef70d39dc54f,"Konopelski, Zieme and Dickens",kono.dickens.up@phinmaed.com,912eec9c-9567-4f46-b717-aedea8e3e401,2024-02-10T22:27:06.528Z,Valid,2303,0
6bdfd7d5-c8b1-4ca1-9c20-d65e18d8f563,"Prohaska, Russel and Lynch",proh.lynch.up@phinmaed.com,f00ec853-1469-426a-bc3c-63c78211d200,2023-09-12T17:14:37.628Z,Invalid,2068,0
6c1d4f66-270a-4bb1-8083-785e15e74720,Herzog - Weissnat,herz.weissnat.up@phinmaed.com,b6a0653e-2081-4a5e-b48f-a1b6c057a399,2023-07-25T18:51:14.366Z,Valid,2093,0
eca990d5-3e92-48c4-84e7-4ea8d00165ab,"Lehner, Aufderhar and Reynolds",lehn.reynolds.up@phinmaed.com,088527dc-8aa3-4cdb-b018-a981aa1fa371,2023-02-21T08:47:01.631Z,Pending,521,1
3d0e3d9c-a5d3-4778-84be-265a6b066b8d,Walsh Inc,wals.inc.up@phinmaed.com,b9c4b168-0de3-4682-abed-e2ab8f5f525f,2023-09-27T10:15:15.073Z,Valid,1886,0
5dea1fce-56d2-4110-9b25-05af015a22ad,"Runolfsson, Skiles and Prosacco",runo.prosacco.up@phinmaed.com,9e5971d4-d1c1-44df-b553-81e881eed9f6,2026-07-04T11:41:17.255Z,Valid,198,0
7663a032-18dd-4e6c-b829-adc362a2816f,Harris Group,harr.group.up@phinmaed.com,52ecf91e-bef4-44f5-a3a0-9271c80428d0,2024-10-20T18:01:51.739Z,Valid,279,0
b7422a73-a3a6-4415-955b-476591712c66,"Murphy, Hyatt and Waters",murp.waters.up@phinmaed.com,c946eef7-f3a5-4270-ad02-541dc58e88ba,2024-08-05T08:58:26.138Z,Valid,876,0
68077ec9-ac87-449f-aeb5-c7f394b251ad,"Padberg, Kling and Hackett",padb.hackett.up@phinmaed.com,073ed8bb-e0fd-4756-9ea6-970ad6abd452,2026-07-12T03:57:20.633Z,Valid,1115,0
c45fc1f5-71e3-428e-a564-9e6a6e839ed6,Hilpert - Weber,hilp.weber.up@phinmaed.com,b9f6b881-c3ea-482b-9079-7a7d963c41cf,2023-11-08T20:31:59.822Z,Valid,2143,0
8f733897-dedd-4777-98f4-99520c88999d,Friesen - Schamberger,frie.schamberger.up@phinmaed.com,8ecd1585-1a6a-4d13-b986-4b148c579ac8,2026-02-15T00:06:22.549Z,Valid,1290,0
4932c7d1-8444-4d22-854a-a2c160f719eb,Hamill LLC,hami.llc.up@phinmaed.com,2529631d-4427-4b34-948c-c1ddc2885c78,2023-03-05T23:55:30.781Z,Valid,314,0
f61a03b4-f6f6-45f3-a438-4c6a38c66a9b,Wisozk - Hegmann,wiso.hegmann.up@phinmaed.com,0becdfd9-cc12-4a82-8e0a-a8838def4e1e,2026-01-31T14:50:52.216Z,Invalid,1276,0
5d803d12-2987-424f-9bb8-a8afa89b5ce3,Schultz - Berge,schu.berge.up@phinmaed.com,fb44d4a2-309a-41af-a405-22bc4cd90089,2023-02-09T00:34:23.886Z,Valid,1657,0
8d24f306-c2a1-4dd5-8fb2-531e7b5439b7,Hayes - Blick,haye.blick.up@phinmaed.com,5357627f-d6d0-430f-b4c6-3480ff6737cb,2025-09-08T08:53:07.235Z,Valid,1332,0
4600c6ee-7636-4f61-9973-be6e921b1447,Cummerata - Crooks,cumm.crooks.up@phinmaed.com,9f7d5331-f9f7-4113-b050-d9fa6d2e5491,2026-08-22T03:48:56.785Z,Valid,2424,0
0b62c42e-86a8-4f14-88e8-c837b71a5eae,Okuneva and Sons,okun.sons.up@phinmaed.com,7d81eb71-edc3-46d6-ac92-b51f2f76bff9,2025-07-31T05:10:51.614Z,Pending,2100,0
240771a2-da2e-40c8-bd1e-54fe8d0c02bb,"Breitenberg, Klein and Bruen",brei.bruen.up@phinmaed.com,7975b04c-dcf9-4852-8503-28a1744decdb,2024-12-15T07:33:00.857Z,Invalid,2061,0
5a086c11-d2b7-4ddf-91da-480584cfcefc,Weissnat - Jacobs,weis.jacobs.up@phinmaed.com,db3f54b4-7ad8-40ee-af2c-10ea22a472ef,2023-08-07T10:59:43.589Z,Invalid,931,1
25a7ef9a-5863-4bf0-ad9f-679e52c58f4e,"Buckridge, Klein and Tillman",buck.tillman.up@phinmaed.com,eb09857a-bf2d-4693-8f21-ae6cd23d9f89,2025-08-15T08:35:37.030Z,Valid,2305,0
2b762abd-54ba-4d5b-98d4-ef41db74c64a,"Johns, Abbott and Howell",john.howell.up@phinmaed.com,0b064ac3-a33e-4533-acf0-bc9c9fcbe289,2023-09-29T16:00:14.763Z,Valid,415,0
d3e8eb2b-7da1-422b-b002-8a19b04d147f,Olson - Morissette,olso.morissette.up@phinmaed.com,f00ec853-1469-426a-bc3c-63c78211d200,2025-04-10T07:32:55.893Z,Valid,572,0
dd4073f2-78fe-4d73-954b-61c3a6576d09,Koch - O'Connell,koch.oconnell.up@phinmaed.com,1d513767-d2a1-4910-8285-0709d003557e,2025-01-16T18:46:10.673Z,Valid,1763,0
167e3ec5-5bb2-4a0b-86c2-7828d92b8bf8,Berge - Klocko,berg.klocko.up@phinmaed.com,e01a64b8-91b5-49a0-a604-52c9a85ec479,2025-11-28T13:48:55.297Z,Valid,1069,0
618da523-9664-4c9e-abfa-04404d2bc45c,"Johns, Weimann and Renner",john.renner.up@phinmaed.com,4da6d71d-42ba-4357-a5dc-ad22ee486fe6,2025-10-29T20:17:54.054Z,Pending,436,0
353b1cac-d4de-4bf5-8bdb-a5ff14ff5214,Collins - Wilkinson,coll.wilkinson.up@phinmaed.com,7975b04c-dcf9-4852-8503-28a1744decdb,2023-06-09T02:44:54.005Z,Invalid,2499,1
12143fb4-6cb6-4a51-abd4-8a613f213d63,Corwin Inc,corw.inc.up@phinmaed.com,58fd293b-4229-41e6-a39b-12343ca7baf6,2024-04-13T17:24:06.010Z,Valid,1629,1
3f8cdfff-583c-43db-88af-6f516c90a67b,Gislason - Mills,gisl.mills.up@phinmaed.com,12b51cc6-57d6-4033-adda-57dc5f4dbc36,2026-06-29T02:44:32.191Z,Pending,2062,0
9299dc93-2d4b-4b92-9f8b-860f216233f4,McCullough - Brown,mccu.brown.up@phinmaed.com,b59c55a7-ab3f-44c2-bea5-850a3939d33c,2025-11-20T02:53:59.978Z,Valid,1221,0
3f0d129c-bb45-42e3-a192-662c8dd042a8,Stroman - Hauck,stro.hauck.up@phinmaed.com,69ce1560-da19-4aed-b189-104ba5fae59e,2026-08-30T22:35:36.830Z,Valid,798,0
aff158b0-01c7-4c9a-893b-7a12918eca94,Cassin Inc,cass.inc.up@phinmaed.com,f8e9712d-6605-4c3c-8751-e985ead04764,2025-04-29T11:41:59.049Z,Pending,2088,0
