request_id,employer_name,employer_email,credential_id,request_date,verification_result,response_time_ms,fraud_flag
16509c51-b04f-420b-ac2f-7ea39a8dd54f,Quitzon - Ward,Genevieve_Sipes@gmail.com,b8beea4e-e322-410d-b7a6-e4e76437121b,2026-09-17T07:22:46.168Z,Valid,1249,0
76fd0223-864d-4004-a8ea-96f947e1387e,Hintz - Abshire,Quincy_Rutherford4@yahoo.com,85839d10-b074-4f4e-ae7d-f03a4874572c,2026-02-19T23:17:01.435Z,Pending,2184,0
8467ef41-d892-4354-8345-aa6999b1f70c,McClure Group,Krystel_Sauer@yahoo.com,9cc88696-256c-433a-b189-876c2c414c90,2023-01-10T03:38:21.426Z,Invalid,2032,0
74132563-be61-441f-9ca2-9a886e139ed5,Schmitt - Pagac,Nina62@yahoo.com,4bdc184c-9f49-4227-93e0-a3e8acab3931,2026-11-09T21:30:32.291Z,Pending,1612,0
8fdff4fc-1dcf-4cce-8a5c-b7dcb7822474,"Roberts, Howe and Dach",Cleo_Toy@yahoo.com,e53f5eea-7f7c-40df-81fc-b3d90f1a7970,2023-02-19T07:45:09.265Z,Valid,2444,0
a8a6a5c0-c895-4d77-9f6b-d43afa3b814d,Upton and Sons,Lelia_Kemmer@hotmail.com,a4d0f9b8-da55-48f1-b06e-0acca8f9241e,2024-09-30T03:09:17.470Z,Invalid,509,0
627520ea-7f6f-4e7e-905a-108a31873321,"Stehr, Mayert and Littel",Nils.Hackett@yahoo.com,29ff48e9-106b-4969-85c5-3c5b35b7b63b,2026-12-28T07:04:34.925Z,Valid,922,0
1cb3f295-19f7-4207-b090-0a7d425520bf,"Ratke, Goldner and Howe",Lafayette_Denesik21@gmail.com,f203eb74-bb3f-4f41-a04c-b8cdd1f3ee56,2026-03-30T04:54:11.606Z,Valid,2010,0
d2da05ac-180e-4b9c-9c80-25476cf5c324,"Kassulke, Stroman and Upton",Joel.Dibbert@hotmail.com,b3828fe6-22f7-4c41-ae54-3ebdc99df319,2023-02-11T17:38:13.657Z,Valid,747,0
488708ac-1c30-471f-92af-3ca33249aabd,Predovic - Collier,Ines_Klein@yahoo.com,77c28d59-d9b0-49bd-92b1-19f5fb949d1a,2026-02-02T11:53:06.306Z,Pending,1434,0
6362b93d-d098-434b-a3f8-fa4f6dda27d5,"Keeling, Goldner and Lowe",Kacie63@hotmail.com,d1616523-5c75-4a76-b7c3-afac711dcda0,2023-03-09T00:35:28.974Z,Pending,1115,0
f37a1813-74e2-47b2-99b8-8ffe56940762,Hane LLC,Rey21@gmail.com,dcc92526-d363-4a0e-9644-01986979febc,2023-05-17T15:06:15.195Z,Valid,702,0
abac89d4-fab6-4f6f-af05-9b43e0fb4403,Mertz - Senger,Angus77@gmail.com,6080f4d2-db72-4e48-a39b-b4f17ebd1766,2024-04-21T18:01:11.502Z,Invalid,1681,0
d69c01c0-7b94-458b-9c5d-ac9b2a181c1f,Rowe - Wyman,Pansy36@gmail.com,bc1cc819-7786-4e40-9749-b50fbc4a28ee,2023-08-19T00:40:52.275Z,Valid,1214,0
9976774d-091b-4099-b21b-c0a6a96cc1bb,Kemmer Inc,Jamal.Gislason87@gmail.com,ecbd3951-5ed0-4cd1-a403-dea7f8a591e0,2026-10-01T21:03:02.756Z,Pending,1765,1
74080f71-d1b3-4d91-a0d1-babaf5855d22,"Frami, Senger and Lynch",Alison42@yahoo.com,46d54d65-27bf-4642-9ad0-9560b71e011c,2026-05-25T07:27:47.093Z,Pending,715,0
c2d77e23-81a9-4c4b-903f-ad0e91a2c2e1,"Douglas, Towne and Larkin",Mylene82@gmail.com,b8cf39f9-a6e5-4faa-8989-aafa5ce6df3a,2023-06-20T00:57:40.709Z,Valid,230,1
159b57dd-091a-4a83-8e0b-0b3560b0033e,Sporer LLC,Raoul_Quigley9@gmail.com,d1616523-5c75-4a76-b7c3-afac711dcda0,2024-07-23T05:18:42.942Z,Valid,2470,0
cb108176-7425-4994-8340-9f53ff440fc6,"Zulauf, Turner and Hansen",Nelda0@hotmail.com,538e5009-7ff5-4bbe-9ba3-130e589c44d8,2023-05-25T14:40:56.833Z,Valid,1800,0
e1b5cc09-502b-4aba-b7cc-f4e16556c237,"Konopelski, Flatley and Marquardt",Elliot_Hamill2@gmail.com,794102e9-32a0-457a-aae4-83fdc75815b8,2023-10-14T09:05:42.479Z,Valid,261,0
69c3a496-5a94-4f45-8c45-d4572bc90d00,"Hessel, Stanton and Sawayn",Kennith_Hahn31@yahoo.com,a8cb73e8-7854-4ebe-b29f-2d582516f17a,2023-07-08T16:17:02.651Z,Valid,1202,0
6d665367-d528-4d24-87e9-213b336b9e07,Armstrong Inc,Norris30@gmail.com,6ec07b18-f489-444d-a6a0-e23a84d739d8,2023-06-10T10:26:50.883Z,Valid,427,1
9a3e9afd-175f-4b13-bba7-dd10565328b4,Cole Group,Lilian41@yahoo.com,fc0e4218-d276-4662-967c-92ab986b7329,2025-07-07T21:41:09.732Z,Valid,642,0
f51324c1-83b1-454f-a36a-af83ef227b97,"Jacobson, McGlynn and Hudson",Ansel67@yahoo.com,25a30b5f-834b-4829-80a8-5cffc663ac60,2025-06-05T06:14:20.122Z,Invalid,1403,1
4af5085a-a5e3-4b2f-9e8e-5d2dbbad3895,"Conn, Hudson and Mayert",Kevin92@gmail.com,8f27442e-6533-49e0-bf26-a86252e5d823,2026-07-18T16:39:30.622Z,Invalid,406,0
069487fe-ee45-44d5-85eb-bec80346f476,Heaney - Mosciski,Loren98@yahoo.com,07112ff8-db99-4dc2-94d3-02711600cd53,2026-11-29T00:47:23.759Z,Valid,1097,0
eb85fa04-ab5f-45aa-a87c-6829cd51c710,O'Conner - Stoltenberg,Jairo_Weimann@hotmail.com,ccf92b9b-58ac-4d74-bf30-b5081dbdc12a,2025-03-10T23:04:28.520Z,Invalid,333,0
f3e55366-fd3e-4b1c-a0e0-b12c1abdede5,White and Sons,Marguerite11@hotmail.com,ae128534-e38f-4ee8-bf95-2e1b109dae9a,2025-05-11T12:11:15.111Z,Invalid,511,0
aa06b2bf-016a-48aa-9e8f-e7433979774f,"Walsh, Cummings and Murray",Amos64@yahoo.com,f07dbf22-1a2f-4220-a7fd-711f176c2708,2026-08-23T10:21:51.322Z,Valid,1522,0
ab409b79-236f-4e61-a5d1-7d869297f976,Gorczany LLC,Neil.Schroeder@gmail.com,51c57c93-d5c4-4b04-a99f-719df98d4153,2026-10-05T22:21:29.746Z,Valid,464,0
67ee9d34-61b4-4441-9e2a-0d9ed974bfdd,Doyle LLC,Jackie_Orn@gmail.com,ee2ea9fd-97cc-43b5-888e-b9c8066ed699,2026-06-03T16:55:07.140Z,Valid,2359,0
8e42c17c-0f12-4ac3-9e8c-cc3526a7c241,"Dach, Beier and Aufderhar",Orrin_Monahan45@hotmail.com,05236e8b-c30d-40ea-92f0-9bccdc36d074,2026-01-18T13:49:23.302Z,Pending,264,0
44707415-1528-4e57-a43d-45dfe47b9500,"Klocko, Schmitt and Pfannerstill",Talia_Nikolaus@hotmail.com,77c28d59-d9b0-49bd-92b1-19f5fb949d1a,2023-07-22T07:08:21.721Z,Valid,146,0
38fa7ccc-3611-4d31-9243-72f3f0025c78,Tillman - Cremin,Kiara_Gottlieb@yahoo.com,938e4df2-c2af-4ca8-97a4-9e29a164e1d3,2023-07-23T10:57:19.066Z,Valid,1006,0
463a2693-c632-4c44-827d-57dd03e36986,McCullough LLC,Aurore_Mertz3@yahoo.com,45a548bc-9250-4eb2-a0bf-07efb9b7ec72,2023-12-26T01:13:24.866Z,Valid,1469,0
bf451185-e345-4041-9412-f8b144c1a2a3,Kassulke Inc,Teagan88@gmail.com,6ec07b18-f489-444d-a6a0-e23a84d739d8,2025-05-12T17:32:30.269Z,Invalid,1907,0
fc6ee0b6-3882-4ab3-a31b-7d323426117d,"Okuneva, Metz and Ebert",Sally.Torphy-Paucek73@yahoo.com,f9ff71fa-ddcd-4a33-bd29-667a2c13b9d6,2026-06-16T11:18:31.229Z,Invalid,365,0
aa8d7b39-604e-4478-a7b9-2fe4bd0626d5,"Grant, Torp and Schmitt",Zion_Bartell69@gmail.com,e973beb7-93db-4acd-a232-1a6989f29552,2026-02-19T23:47:21.949Z,Valid,1827,0
e7733f16-3bdd-49ae-8430-180083fc67f2,Mitchell - Wiza,Jamel12@yahoo.com,1dfa6970-d835-4048-a6e7-e0e593353a10,2023-06-03T12:58:22.937Z,Pending,572,0
bbf97326-414d-44ee-9717-34ad34ee1414,Heidenreich - Bergstrom,Wendell89@yahoo.com,2494c8f2-022e-4e96-ab89-9bb343675fb5,2024-03-20T17:06:17.543Z,Valid,2261,0
674556be-b044-4a9d-b6d3-7058b9f6a596,"Haag, Bogan and Lueilwitz",Patricia.Johns22@yahoo.com,2ba821c7-9a28-4a1f-a9b4-ca117b1a1fa7,2023-06-01T13:41:39.215Z,Invalid,2199,0
cb7f999b-1da5-43b7-a034-b87bceaff52a,Koss - Bednar,Trystan.Blanda14@gmail.com,fcb96cba-2492-4e95-9429-64244cc84ce4,2024-09-02T15:47:59.627Z,Pending,279,0
4bd9d92e-718c-4ae8-8052-6fbe302d9bdf,Wiza - Yost,Cassandre.Buckridge-Kessler15@hotmail.com,baec15a9-ce07-4fc8-b909-699e4a40022d,2026-10-05T19:51:59.409Z,Pending,840,0
105893f9-471d-4b4a-92bf-f6f98b58b714,"Durgan, Hansen and Murray",Daisha_Aufderhar25@gmail.com,5c1354b4-32f3-47e1-9469-1bdfc65eefa9,2024-09-28T07:09:22.433Z,Valid,1339,0
d6ded245-0e38-41ae-bfc0-77ae6bf4102d,Hermiston - Hermann,Eliza.Wolf80@hotmail.com,d3ac898a-f01a-4c01-8458-dbc15f3c880a,2023-07-30T16:35:37.981Z,Valid,917,1
fa248c2c-5111-4de6-83d2-e5e4746ec17a,"Corkery, Sanford and Heathcote",Samanta.Crist-Goldner48@gmail.com,5053f9d1-e5f3-4532-81dd-a31c237d2b5d,2025-11-04T10:54:11.703Z,Invalid,2369,0
1489b53b-f779-4b6b-81e0-e631df0ff585,"Gutmann, Quigley and Maggio",Queenie_Collins@yahoo.com,9a2706c1-85ed-4538-8d3a-f4a775f112df,2025-02-13T03:36:44.991Z,Invalid,1297,0
900c755b-0cb9-422b-ba9a-c8b965bf1f07,"Lakin, Gutmann and Considine",Lindsey.Goodwin87@gmail.com,76565363-c1c6-464b-b786-f09741e59372,2026-11-01T07:36:30.911Z,Valid,409,0
1ef42217-bcdc-432b-8077-8f931dc047a5,Kiehn and Sons,Elmore28@hotmail.com,f40da53b-3e4c-452f-aac0-a2dff15a0c34,2026-11-01T15:04:24.625Z,Invalid,948,0
baccf640-0379-4c91-8d6a-bd157fe2a3de,Hickle - Koch,Mohamed_Marvin@gmail.com,64ce5f78-ed71-40d1-8cff-699c62de327e,2024-12-30T03:50:10.321Z,Valid,1459,0
6b1ee2aa-dc4a-4190-9ca9-df9ece849a37,"Sanford, O'Reilly and Stoltenberg",Emanuel_Lind56@gmail.com,b23851c8-0b02-493f-9849-4c0bcf0ffd8d,2024-04-06T07:41:50.330Z,Pending,1290,0
508c6a95-e327-4cdd-8ff8-e43667547e17,"Runolfsdottir, Towne and Weimann",Afton.Ledner@yahoo.com,e49b493e-b969-4d91-a3d9-0281451d49ee,2026-08-30T06:42:16.571Z,Valid,444,0
16ed2d30-c85d-41f7-98f5-91eb202f43bc,"O'Kon, Kulas and Macejkovic",Marquise.Okuneva@yahoo.com,588b12a6-2582-4616-b6df-a5bbb80395ec,2024-03-19T07:39:37.404Z,Pending,1611,0
d3521873-09eb-4bda-9591-1b35cbeb290f,"Schmidt, Jaskolski and Casper",Maximillia12@gmail.com,a2fe0db7-0f87-4c2e-b75f-9dc0076de52e,2023-09-19T13:32:47.732Z,Valid,660,0
46ab119d-7c62-40d3-afd8-1d0c09097e06,"Dietrich, Towne and Wilderman",Chanelle51@hotmail.com,b0f0a02a-90ad-4a19-a0c0-20583e11b66a,2024-12-11T00:08:19.469Z,Valid,522,0
33d399cd-4deb-450c-a21f-80bcb4f4b261,Strosin - Nolan,Daphney_Lueilwitz-Waters@yahoo.com,4151dba1-52f5-49f4-be47-9f209f0f2d6b,2026-11-17T21:23:23.732Z,Valid,1794,0
de2f0564-3f54-4b07-9cb3-f921cfb38fc0,Goyette - Connelly,Khalid.Denesik85@gmail.com,8af2f2ee-5f8f-48ce-bd4c-2d8adf243a1a,2025-07-18T11:18:14.525Z,Valid,166,0
8b07c8a9-2bfe-4c3e-95e2-8a37c9808446,Kulas Inc,Rey_Grant@yahoo.com,4dd75835-6445-4211-bdc1-21f7732096d2,2026-03-16T15:55:39.428Z,Pending,228,1
7d9eafe7-3ebe-4d19-8d8f-e14f5e86af47,Wisozk - Macejkovic,Gabriel.Schaden@yahoo.com,f17405d5-21a3-4e29-8f30-7de8db7dc83e,2025-12-17T14:47:20.427Z,Valid,227,0
36a116eb-ca50-4b20-afd0-bb5ca977e9f4,"Weimann, Hilll and Trantow",Eudora79@gmail.com,f40da53b-3e4c-452f-aac0-a2dff15a0c34,2025-02-25T18:42:56.269Z,Pending,2337,0
3a9fffea-7ea5-45a9-90e1-a6a7bdf54111,Daniel - Yundt,Albina_Fritsch87@hotmail.com,e1bc93ef-d9b1-4053-a255-959ebe0e02c6,2025-06-09T18:20:56.301Z,Invalid,2436,0
b7816cba-619c-4c7d-9864-adc37aeb2a9d,Friesen - McKenzie,Newell79@gmail.com,7c55564f-33fb-4a75-9670-178416ef24ba,2026-07-09T14:40:23.366Z,Valid,537,0
66ed0f8c-3ae8-4355-b5b3-9309361a7153,Murazik and Sons,Darion_Gleason@hotmail.com,6ec07b18-f489-444d-a6a0-e23a84d739d8,2024-02-02T17:07:19.551Z,Valid,2347,0
2f829e71-2165-41df-8175-3b7d5764c675,Dooley - Botsford,Jeanie94@gmail.com,3593cad2-1f67-4199-9bfa-a5e951e28522,2026-12-25T17:11:22.417Z,Valid,2211,0
a1c40254-0878-4585-b84d-ba254a0a69cc,Monahan Inc,Davin.Upton@hotmail.com,160669a6-66dc-449b-9a79-de019f595461,2024-03-19T09:20:34.029Z,Pending,2239,1
b20607a1-4eab-4dd5-89d9-097b73e19214,Konopelski Group,Maymie_Morissette@hotmail.com,91edc062-e598-484b-be70-361439752576,2025-03-06T06:24:08.699Z,Valid,1100,0
8f57c0a4-98fa-4ac4-8ef2-50316f308384,Langworth - Metz,Zora.Runte@hotmail.com,f0be165f-f992-4919-81d2-2a5ce06b0b5a,2023-02-27T15:16:50.013Z,Valid,1552,0
6c17fa1c-c56d-4f8a-850f-ff01509ebc52,"Shields, Kreiger and Dach",Alexander.Doyle64@hotmail.com,d2bff3f4-8d4f-4660-b7b9-0035e1d95a39,2025-06-23T04:30:48.370Z,Valid,1978,0
83db498b-2a33-4877-b828-8a95ea9ab3e1,Farrell - Morar,Talon12@hotmail.com,8490a8b6-cd42-48c0-b64d-89a475b9ab86,2026-10-18T17:37:33.376Z,Pending,849,0
1bfe5e72-b7a9-4aa5-80db-5a50a6d52e89,Murazik Inc,Katlyn99@gmail.com,f4215f46-4a11-4470-b037-72da64e0122f,2026-02-07T04:13:55.562Z,Invalid,1392,0
2e28c888-4658-451b-bc7f-37a62266789e,Schinner Inc,Isobel.Ferry@hotmail.com,d42cc7be-6c6d-4ed4-9ee3-73060875f4e4,2023-02-23T18:26:10.468Z,Valid,1674,0
3a5ec78c-7901-439d-8317-cca366fde898,Reilly - Rutherford,Taya_Dickens17@gmail.com,3474537b-d5e2-48a6-ad72-adf635d782d0,2025-11-07T15:41:29.620Z,Valid,537,0
c4e60333-24c1-49ff-8684-181fca91f9bb,"Hoeger, Monahan and Schmitt",Gladyce.Rolfson@gmail.com,65c45fb8-907f-42d1-adb7-9027a388dbef,2023-08-24T19:28:55.208Z,Valid,935,0
9fcc496c-34e8-4a88-91c4-6275a21bb0a1,Rutherford - Ebert,Kaylie_Stiedemann@gmail.com,c283c28f-1d75-4af1-8d7f-1489e9406bb1,2024-06-04T21:45:36.400Z,Pending,2476,0
10d2bbc6-eb50-43fa-9e28-f34fe612f209,"Walter, Howell and Hilll",Emilie52@gmail.com,90122ed9-80d8-4287-bb5d-777efc10c1ad,2025-01-15T12:04:49.641Z,Invalid,1762,0
1c557d8a-c7a3-4ef9-9997-36c861574147,Ryan and Sons,Heath.Greenholt96@gmail.com,d42cc7be-6c6d-4ed4-9ee3-73060875f4e4,2025-01-18T16:50:28.864Z,Valid,1536,0
ae657ff5-aca1-4f46-b3e5-e1304cc018ff,Orn Inc,Lourdes_Metz@hotmail.com,beda591c-e0af-4e9c-9a2d-460a99e6c186,2026-04-17T11:21:10.695Z,Invalid,1455,0
e3f8138d-6feb-4728-9b73-663723b4659a,"Dicki, Hamill and Grimes",Lilian73@hotmail.com,b26f88b0-7a05-411a-963a-6cc8732a430d,2024-09-30T07:45:44.463Z,Valid,707,0
1b64f2b1-7ecd-4c56-b381-a574a091a144,Gottlieb - Veum,Eunice54@gmail.com,571a814a-6e09-4a61-b695-852614a57071,2025-02-15T13:26:25.714Z,Valid,799,0
0dfd2018-cfaa-49d8-8a1a-21e701e6de38,"Heidenreich, Mueller and Kertzmann",Percival.Gottlieb@hotmail.com,6fa78be1-2ca1-44c0-a794-1c7cd73bdce7,2024-03-05T15:36:11.096Z,Valid,1343,0
530c48f2-6017-4a83-8d46-7c746959563c,Haley and Sons,Devin54@hotmail.com,a23c640a-7c26-4959-9955-ee3fd4280492,2023-07-16T13:21:57.399Z,Valid,1788,0
042dba2e-190a-49a8-9cc7-54ad0e2eac1b,"Wyman, Denesik and Weimann",Jabari.Donnelly9@yahoo.com,98824ca2-b52d-419f-b774-f30feadf452c,2026-05-14T20:23:04.513Z,Valid,2049,0
ba930837-2ac4-4f07-b3c4-1bc4c0e27a32,Cruickshank LLC,Dora44@yahoo.com,ec5bb5fd-ac71-468f-8984-701a18cd27b3,2026-05-06T07:43:39.939Z,Valid,379,0
0c6673c7-e6a5-4157-ab28-efd524878b4e,"Kuvalis, Dickens and Franecki",Janis64@gmail.com,3c845212-23b3-4367-be67-0a7e23b65ea8,2024-07-05T11:07:40.872Z,Valid,2259,0
a156cd2d-714d-4102-ad7f-9342fc6ea4b5,"Goodwin, Mayert and Dare",Eldridge5@hotmail.com,5092538c-e7da-4e75-a2fd-2080c11891cb,2024-08-18T00:32:03.293Z,Valid,1575,1
41d217e8-ed6e-4694-beb0-558d1f6d8bef,"Adams, Koepp and Effertz",Malachi85@hotmail.com,76a7cfbe-0f2b-482d-be70-471ff1aad60e,2026-05-17T11:43:18.323Z,Pending,520,0
948e15ed-b1b7-40dc-bdf2-ada05c37a7a7,"Hermiston, Tremblay and Rosenbaum",Eleanore27@hotmail.com,a4d0f9b8-da55-48f1-b06e-0acca8f9241e,2026-10-26T18:30:41.833Z,Valid,1362,0
aa55d6e8-0c5e-4c93-b8ef-e01df76bd518,Dicki - Renner,Tristian_Mitchell@gmail.com,7d64cb77-a8ba-41ce-a987-736ca230747e,2025-09-17T12:24:25.538Z,Valid,1794,0
a8fe98b4-3fcc-4905-94d7-241d025d00d2,"Senger, Carter and D'Amore",Jeanette_Carroll49@hotmail.com,ab6eaff6-a540-4678-a07b-0751ed15809b,2026-01-29T21:58:39.926Z,Invalid,2345,0
97dbecc4-d885-419f-8152-38a37b8c2679,"Gusikowski, Collins and Mertz",Hortense.Cruickshank@hotmail.com,4dd75835-6445-4211-bdc1-21f7732096d2,2024-02-09T02:20:34.695Z,Valid,1456,0
e811263f-f306-4f5d-bac9-d0503c21971a,Lockman - Hermann,Alvera65@hotmail.com,160669a6-66dc-449b-9a79-de019f595461,2026-10-01T06:07:54.660Z,Valid,1836,0
48c9c5d4-4176-4b14-8346-086cec820ea1,Waters - Breitenberg,Scarlett_Ledner@hotmail.com,b6c50ac7-2a0b-4314-827d-8751fbd4c297,2025-01-28T10:27:10.517Z,Valid,757,0
0f012099-6a86-4ba6-93c6-7d324367047b,"Jenkins, Jacobi and MacGyver",Turner80@gmail.com,44530944-561d-4deb-a8c1-f59a759769b0,2024-03-15T18:11:30.235Z,Valid,2088,0
2bc16fec-b210-40e4-8426-e916f94f1e40,"Braun, Boyle and Mayer",Jamal_Carter58@gmail.com,8f750e4e-fc05-4823-aa9c-bcab77c0712c,2023-04-12T22:46:33.903Z,Valid,1199,0
780cc0c3-8956-43a6-ba5a-468200d7d0d6,Farrell Inc,Lauriane61@hotmail.com,dcc92526-d363-4a0e-9644-01986979febc,2026-06-30T03:14:04.100Z,Valid,1378,0
af16ce69-e576-486d-a931-6118a2beff36,Stracke - Lemke,Beatrice74@gmail.com,0ff78af7-79d5-4aff-8746-80f46a44118c,2025-11-30T22:27:08.719Z,Invalid,895,1
4cc62d50-9bb7-4ea1-a3fa-57323f6abac5,MacGyver Group,Rebekah3@gmail.com,cfb78b6c-7c7c-4b23-bd7f-1323ba03a3da,2024-04-17T14:28:17.623Z,Invalid,321,1
ae0f6096-7c89-45a7-8a27-9946fc790331,"Sauer, Keeling and Fisher",Buford.Buckridge69@yahoo.com,9fc06ceb-5691-4c2f-8089-436bd9987598,2023-06-16T08:57:58.034Z,Valid,764,0
6c22078b-8f26-4e33-97ed-6424097a534f,Koch - Erdman,Yazmin.Marvin57@gmail.com,a23c640a-7c26-4959-9955-ee3fd4280492,2026-08-28T13:42:13.833Z,Valid,1560,0
8f0d1ef4-ee6d-46f9-ac40-cac7aa8a0797,"Herzog, Treutel and Senger",Reginald79@hotmail.com,a30b7aef-d421-4e61-a7ce-7cf3651bf101,2026-10-05T09:17:02.103Z,Valid,1777,0
6b143f41-4986-426e-aa88-5ae7b51f1599,Crona - Schoen,Erling.Durgan83@gmail.com,6c8af60c-3b2d-4c00-82bb-27d5ff0a6328,2025-06-25T02:43:59.383Z,Pending,651,0
3e01d77f-4e98-4761-af90-3860eeb286ab,Herzog - Kub,Romaine.Ernser13@hotmail.com,64ce5f78-ed71-40d1-8cff-699c62de327e,2024-11-01T09:42:30.214Z,Valid,1677,0
0e830f2f-25f7-4f45-8413-2620bdd5c29c,"Mayer, Senger and Ruecker",Oswald.Gorczany93@yahoo.com,ccf92b9b-58ac-4d74-bf30-b5081dbdc12a,2025-04-15T01:34:13.575Z,Valid,1665,0
c0a9b1be-4c2a-478f-a401-4eccf37f5531,Carter LLC,Ardith_Jones@hotmail.com,c283c28f-1d75-4af1-8d7f-1489e9406bb1,2024-02-27T07:28:03.194Z,Valid,168,0
7673f861-947f-4c01-9361-fafc42024338,Wehner and Sons,Hailee_Crooks@gmail.com,eaffbefa-27ff-4233-bff3-3d1861dbbf86,2025-03-17T04:39:59.229Z,Invalid,1837,0
d2bd39d6-48ea-4820-99eb-557094acdc91,Witting - Hartmann,Timothy.Sporer41@yahoo.com,115a4f27-ab53-4a2b-b729-ebb6ca194116,2024-09-20T13:43:16.674Z,Valid,1745,0
6ee70ecc-13c4-48af-a576-e49af5ca41dd,Carroll LLC,Omari_Baumbach@yahoo.com,c2365444-dda8-4cee-bcd6-1eae1c65b0df,2025-06-27T17:09:08.765Z,Pending,1019,0
0dd94b78-f312-4ebe-8e5f-a3bc445f56b4,O'Connell and Sons,Kathryn4@gmail.com,c2365444-dda8-4cee-bcd6-1eae1c65b0df,2023-10-11T20:10:21.623Z,Valid,736,0
e27ae385-1427-477f-a3e3-cbc538478880,"Hammes, Moore and Kessler",Stefan.Windler35@yahoo.com,b23851c8-0b02-493f-9849-4c0bcf0ffd8d,2024-06-01T17:12:21.140Z,Valid,2136,1
33d5568f-fbac-4cdf-90b5-e986363db40f,"Jerde, Lemke and Padberg",Maegan.Bernier28@yahoo.com,47c8fb83-9d27-4f15-8c13-250ed2808090,2023-03-22T00:30:06.353Z,Valid,562,0
eb687c18-50c3-4dc1-88b1-685091862b55,Lynch Inc,Rhea.Bauch22@gmail.com,027518f3-1f4f-4dfd-b849-9e0ab653fc5e,2025-06-14T22:02:01.209Z,Invalid,213,0
ec09d450-d15e-450a-bc27-e0f922854e34,Leannon Group,Kaylin_Feeney96@hotmail.com,8abc961f-4f07-43f8-b366-c4570f24f400,2023-11-14T06:59:52.031Z,Valid,202,0
f3390417-8821-4b27-af3b-b5658b736b44,"Gislason, Williamson and Haley",Rod91@gmail.com,f17405d5-21a3-4e29-8f30-7de8db7dc83e,2023-10-18T14:40:54.253Z,Invalid,2109,0
2ea17f7d-9224-47f8-850a-d6e6430489c1,Nicolas - Halvorson,Edgar53@yahoo.com,0b052fef-b5e5-4d09-a75f-150d38cc3e3e,2026-06-15T04:37:38.516Z,Valid,359,0
f5412ed9-bcee-4cdc-b1ab-3e1fbca4c72c,Pagac Group,Granville14@yahoo.com,3a041ebc-632b-4dbd-b071-399dc92038d6,2025-11-14T09:15:41.318Z,Valid,1495,0
c211138c-4c2f-46bd-b037-6c0da298472b,Sipes - Adams,Tyler.Ferry@yahoo.com,160669a6-66dc-449b-9a79-de019f595461,2025-03-07T20:06:09.600Z,Valid,1845,0
5e561039-e456-4c97-ad8c-42dd9fde4ea5,Runte - Volkman,Demario.Sporer54@yahoo.com,44b8c285-78fb-46b2-a15f-84426bd1b7ae,2026-01-17T19:25:37.974Z,Invalid,615,0
9c5494bd-eafb-48b6-b8e7-4f742a89ef75,Goodwin - Hackett,Kiarra55@hotmail.com,0f37711c-8e45-4e85-85f0-d551ae35bcef,2025-12-12T22:02:47.117Z,Valid,1249,0
3e458f7c-0830-4146-941f-87643c07aba5,Shields Inc,Wiley.Wintheiser23@hotmail.com,f203eb74-bb3f-4f41-a04c-b8cdd1f3ee56,2025-03-17T16:56:48.061Z,Valid,2239,0
821f0b5f-12df-446f-9117-7486df87b651,"Ebert, Hegmann and Stiedemann",Reggie40@hotmail.com,ccf92b9b-58ac-4d74-bf30-b5081dbdc12a,2023-12-03T07:05:06.635Z,Valid,1825,0
1da9af9a-7a36-4cb0-82e0-3e1a7f2b3c1f,Sawayn - Mosciski,Jack19@gmail.com,8af2f2ee-5f8f-48ce-bd4c-2d8adf243a1a,2025-02-08T01:47:37.234Z,Valid,1145,0
38f20d1e-6b81-4c96-8298-62f082d43e21,Koelpin - Pfeffer,Blanche.Wehner6@yahoo.com,be8bdaf0-4d63-4f7a-b1de-681605f79e95,2025-01-11T06:55:47.878Z,Valid,813,0
a3474d3d-cd2c-4900-ba31-4748d8dc0dc4,Torphy - Fadel,Elody77@yahoo.com,6614ffe9-aff1-46ac-a7a7-c5fa50cd676c,2023-02-28T18:44:49.809Z,Valid,2075,0
178dfbe3-818b-4660-aa42-a9b1030c5efb,Christiansen Inc,Hazle72@yahoo.com,1dfa6970-d835-4048-a6e7-e0e593353a10,2023-07-07T00:38:37.941Z,Valid,2246,0
e30f98da-6fc4-411d-bbbe-828b5f60f8e9,Pollich and Sons,Barbara_Armstrong15@yahoo.com,c283c28f-1d75-4af1-8d7f-1489e9406bb1,2023-06-16T03:38:33.731Z,Valid,2418,0
8bd9b006-019b-4c72-a022-3d63e521caab,Harvey - Cruickshank,Darrell94@gmail.com,fddb4fef-ff14-43bf-b3a6-edbe723221bc,2025-12-26T15:52:56.343Z,Valid,1551,0
27d74874-1186-42f2-81d3-ad1e68f8ec41,"Haag, Collins and Gleason",Dusty41@gmail.com,3668ee68-8211-4ba0-bd54-15bc82d99620,2025-01-23T03:16:53.337Z,Valid,121,0
00db11ee-9248-4ed9-afbb-2a90ec020b9a,"Beatty, Emard and Batz",Kieran73@yahoo.com,5d9639cd-9e25-4f21-af65-b3c75bf10a43,2023-04-05T09:28:27.394Z,Valid,1465,0
6e9d0489-8edc-4f99-ae72-342c1c82839e,West - Anderson,Paris.Haag69@hotmail.com,f428cf26-09cf-4eb6-a79f-e867cb58f041,2023-02-06T16:09:34.223Z,Valid,1267,0
3c646969-0ec4-48fc-a5c4-01f2e4821107,Hickle - Jacobi,Wayne.Little53@yahoo.com,73701704-3712-411f-8d60-39903fbcd710,2024-12-25T04:34:38.200Z,Invalid,803,0
71708e19-24cf-4ae1-9ec3-d2be20f9161b,"Mann, Goldner and Rolfson",Brendon.Langworth@hotmail.com,29ff48e9-106b-4969-85c5-3c5b35b7b63b,2024-05-25T23:31:09.735Z,Valid,1798,0
9e6dec5c-cfd3-4840-9de9-5c4d4ade8dec,Botsford and Sons,Riley.Schoen31@yahoo.com,5092538c-e7da-4e75-a2fd-2080c11891cb,2023-09-29T19:02:17.703Z,Invalid,1510,0
023432ed-4088-4f00-8c6c-25691c7b8030,Gerlach Group,Tom.Boyer5@gmail.com,3f3c3c08-27c7-4af3-bc4f-09056b0afa9f,2025-10-13T07:12:35.523Z,Pending,911,0
0b40d43f-fc40-4ee5-a894-8ee5cbee0396,Murazik - Strosin,Arnulfo_Ebert66@gmail.com,25a30b5f-834b-4829-80a8-5cffc663ac60,2026-03-16T16:16:14.118Z,Valid,763,0
a6f7f84c-0a7b-4318-a84e-37acf0a3a2b9,Strosin and Sons,Ima.Harvey@hotmail.com,7a918a6d-d781-4f08-b6e3-a4fa3ab78a40,2025-09-29T11:02:12.388Z,Pending,441,0
430c1bdf-8c31-4376-850f-2b5a8001b2c9,"Lehner, Lueilwitz and Crooks",Kiana_Schneider91@gmail.com,0cd4be58-b1aa-4a94-8b67-207e4a90f23c,2023-04-21T14:27:16.485Z,Valid,1369,0
3dbf108a-ddd8-4098-9e2f-c0f8811f7da4,Lockman Inc,Domenic.Hessel@hotmail.com,2a19dda3-42bd-40f0-8a1a-96ad006699b7,2025-10-02T00:03:43.708Z,Valid,622,0
cb21b723-6153-4f57-8904-606c02bdbf61,Parisian Inc,Rhea.McDermott@gmail.com,7d64cb77-a8ba-41ce-a987-736ca230747e,2023-07-07T07:28:10.064Z,Invalid,2343,0
0dd14b2a-a328-4d35-88c5-dce8dfee4d7e,"Schmitt, Dickinson and Franecki",Werner89@yahoo.com,25a30b5f-834b-4829-80a8-5cffc663ac60,2023-05-06T09:44:51.437Z,Valid,740,0
f5e99446-2f2a-4dfb-bf44-96850fca6113,Gulgowski Inc,Bernita_OConnell67@gmail.com,98824ca2-b52d-419f-b774-f30feadf452c,2024-06-27T11:55:14.392Z,Invalid,1512,0
1932d95b-f757-4869-a25f-e6319eb63635,"Shanahan, Connelly and Pacocha",Retta.Hyatt65@yahoo.com,2a19dda3-42bd-40f0-8a1a-96ad006699b7,2024-01-05T14:07:48.904Z,Valid,1593,0
fb674076-76fb-414d-b48a-8862e02e26a0,"Leuschke, Hessel and Bode",Alf.Zboncak99@hotmail.com,9cc88696-256c-433a-b189-876c2c414c90,2026-07-10T07:53:07.893Z,Valid,1626,0
bb89b510-13cf-40c1-acb0-520f6465b4f3,Crist - Labadie,Bianka_Cummings-Schimmel@hotmail.com,9d4d5301-1942-4ab4-bd80-20274c2157c9,2023-07-20T18:59:32.325Z,Valid,280,0
5930ec36-d0ca-4c21-a0d4-fcc4c34e253c,"Mayert, Lakin and Streich",Edyth.Koss-Runte@yahoo.com,04496401-8e06-4635-8836-3f4bbd116926,2026-07-05T16:06:42.369Z,Valid,2246,0
60c2ab21-468f-4212-83d6-e7dc2c68f1dc,King - Keebler,Ernie_Maggio@yahoo.com,b33f70fe-0ea8-41e3-80c5-54330f60922b,2023-05-04T13:43:26.171Z,Pending,198,0
0d415394-f76c-4c27-b4bd-b08401babd38,Douglas - Bailey,Hilma55@hotmail.com,938e4df2-c2af-4ca8-97a4-9e29a164e1d3,2026-11-17T15:55:44.327Z,Invalid,1294,0
97706424-f0cc-4b36-b9fb-81fdefcfd1d5,Satterfield LLC,Judd.Fritsch88@gmail.com,70f9667d-4f0b-4ec6-8615-82794e3f74c5,2025-02-23T16:47:04.824Z,Pending,645,0
f4e38e5c-98bd-428d-942f-2d9913cab22b,Zemlak - Dietrich,Mack25@gmail.com,db921b2a-cc4d-457b-8f9d-d1ccbb58e47c,2024-07-08T20:44:27.462Z,Pending,190,1
1325de71-7901-4d85-94c7-081572e38907,Streich - Langworth,Angelica67@gmail.com,cfb78b6c-7c7c-4b23-bd7f-1323ba03a3da,2025-10-07T15:27:13.345Z,Valid,1295,0
d9d15b58-d80d-4af1-b45a-9bd7ce358293,"Stamm, Collier and Hane",Mariana76@gmail.com,d0043d7d-08d2-4d55-86e1-88a8d55617b9,2024-07-22T14:16:17.166Z,Invalid,1309,0
4fd76c61-3487-4926-adf0-c339f876126b,"Abshire, Mayer and Abbott",Gene22@yahoo.com,9d708973-4b4f-42a7-87c6-4925b8e5a5de,2023-06-17T23:35:34.672Z,Valid,343,1
f637c18e-7b36-450b-8a13-25e391f4f2a1,Pouros - Welch,Enrico21@gmail.com,44530944-561d-4deb-a8c1-f59a759769b0,2024-03-08T00:52:54.031Z,Valid,285,0
1d1ab4b3-aa10-4a22-8c4a-8df2c74647c7,Beier LLC,Coy4@gmail.com,9ee9f63b-97c7-4bb9-998b-4a8635426b87,2023-02-16T11:49:05.684Z,Valid,968,0
49fc4919-7bc8-4515-b8a4-5da4e68cbd05,Rice Group,Christelle33@yahoo.com,d9164015-f0ae-425a-ac86-b1f54510949b,2024-08-11T08:36:01.328Z,Valid,751,0
c4adaedd-a855-4116-941e-3e3f21ef3b39,Konopelski Inc,Lina_Schoen2@gmail.com,26cc2e94-01e5-49ec-9862-d9ce68dfcaf0,2023-03-31T04:29:40.875Z,Valid,787,0
00504bb5-b6b6-4d85-bb01-29c036693ad5,Murray - Sanford,Margarette.Reilly29@yahoo.com,a7109f96-3059-4934-8232-d66f0749c312,2024-11-19T08:39:40.246Z,Invalid,942,1
926f70a6-8fb3-4087-bb70-f8b84ba6d033,Ondricka - Schoen,Grant57@hotmail.com,fac93e64-625a-41b1-a820-0c0568bf33da,2026-08-12T16:08:50.080Z,Valid,1887,0
03726942-62ae-4342-84dc-74fcc9226851,Maggio Inc,Francisca_Lockman60@yahoo.com,73a621d4-a19b-442b-862a-0cb2a1dedfe6,2025-12-08T02:28:23.699Z,Valid,1467,0
8649b779-0275-4310-b59b-4b3e56dfd543,Heaney Group,Sally_Corwin71@hotmail.com,636b15e3-4c6e-4478-8d32-28de5306ced7,2026-03-13T00:12:44.633Z,Pending,1476,0
b557e043-0e4e-4c5e-917a-a51a17451be0,"Greenholt, Reinger and Leffler",Maxie67@hotmail.com,6a9aac25-2f50-44da-a12d-60aee26e873a,2024-10-24T09:31:12.896Z,Valid,1772,0
6b0a6599-aa97-4a0a-b364-da4434573ce5,"Parisian, Morar and West",Electa8@yahoo.com,a26a88cd-d1df-48bb-b293-1f78da77182a,2024-01-23T19:12:43.829Z,Valid,1915,0
b32fa29c-fdea-4fda-b2cf-631f94efd85a,Walsh LLC,Lorenz.Medhurst@gmail.com,04496401-8e06-4635-8836-3f4bbd116926,2026-03-18T01:00:45.735Z,Valid,1563,0
b7372ea7-153f-4a50-bf52-18b3acce0e42,Rempel LLC,Steve.Smitham@gmail.com,8a6f080f-d30c-4edf-8798-589f6b71eba2,2025-03-26T22:55:27.303Z,Valid,2280,0
d3fdae35-9265-4962-b6b5-3f564324f258,Cassin - Collier,Aurelie_Sipes@hotmail.com,b2690c98-c18d-43d3-9bfe-68d619f84328,2025-01-29T01:47:05.774Z,Invalid,1658,0
0405f0cb-aa16-4676-b039-5ed1697a968e,O'Conner - Hamill,Sofia77@gmail.com,5002f424-b2bd-4a73-976b-3bebf215a213,2023-09-14T14:15:51.909Z,Invalid,2010,0
edf59006-b34f-4674-970b-44338cd1571d,Carroll Group,Adrain_Hand@gmail.com,d9164015-f0ae-425a-ac86-b1f54510949b,2023-11-02T15:05:58.460Z,Valid,1377,0
164818a5-1364-4096-9919-a1b3b23ca938,Cormier Inc,Kamron82@gmail.com,fac93e64-625a-41b1-a820-0c0568bf33da,2024-12-20T16:03:14.114Z,Invalid,432,0
21a5ee8a-77cc-4d65-ae99-8f71590b496c,Tromp - Larkin,Arvel.Lowe@yahoo.com,d1616523-5c75-4a76-b7c3-afac711dcda0,2025-01-24T05:13:55.101Z,Pending,2105,0
063e3b95-dab8-4705-a336-e35e5538c9be,Mohr - Yundt,Dangelo.Hudson31@yahoo.com,b26f88b0-7a05-411a-963a-6cc8732a430d,2025-01-24T11:19:59.302Z,Invalid,1593,0
a1ae00bd-eacd-4928-821e-27cb8555b27e,Boyer Inc,Richie_Wolff-Kilback@gmail.com,cfb78b6c-7c7c-4b23-bd7f-1323ba03a3da,2026-06-15T04:59:33.271Z,Valid,1433,0
a37f461c-f441-44c1-9f85-424060492383,Swift Inc,Silas32@hotmail.com,1035e6dd-f9f5-4188-b35f-8f901ca72c7e,2026-05-13T10:28:17.776Z,Invalid,1825,0
5366e01a-91bc-494b-80bb-12b69ebcb029,Haag - Hamill,Jeffry31@yahoo.com,8af2f2ee-5f8f-48ce-bd4c-2d8adf243a1a,2023-12-29T09:33:23.391Z,Valid,1618,0
59147f46-d1ba-4cd9-bb22-7022e9524c52,"Collier, Hickle and Nader",Branson_Mayert57@hotmail.com,428b0478-d283-4ac9-948a-e02fb535d7b2,2023-05-03T01:08:13.562Z,Invalid,2236,1
e42b5bd7-e44c-45df-96a5-7565f5c526e6,"Gerhold, Romaguera and Schneider",Herminio61@hotmail.com,86641403-9e0b-45ca-b662-767d14828343,2023-10-10T08:55:54.263Z,Pending,1787,0
b04f83fc-d1af-4a04-aa07-bb734683a2f2,"Dibbert, Pacocha and Balistreri",Edd_Kihn@hotmail.com,76a7cfbe-0f2b-482d-be70-471ff1aad60e,2026-08-24T00:16:08.695Z,Valid,1272,0
c22aba4a-50ed-4c82-82ac-c2d5adbffa41,"Stark, Feeney and Dietrich",Brain.Windler@gmail.com,9ee9f63b-97c7-4bb9-998b-4a8635426b87,2023-10-25T17:16:50.917Z,Valid,2298,0
6178bf8d-51fb-4caa-ac1c-de707f52c5b6,Kris and Sons,Drew_Russel5@yahoo.com,baa577b9-13d8-4ab2-9bbe-ea879f72b79d,2026-09-11T03:37:43.342Z,Valid,1954,0
1b845e7c-2d11-43fe-a7a5-ea841de61140,"Braun, Wolf and McDermott",Karl_Feest29@yahoo.com,696e85a5-3a49-4f85-8114-9f80b23c0d4c,2023-09-07T01:28:04.440Z,Valid,386,0
38bfe647-0214-4166-9b2a-e23567ae83f9,"Watsica, Bauch and Ledner",Donna_Jacobi30@yahoo.com,90122ed9-80d8-4287-bb5d-777efc10c1ad,2026-10-30T04:28:36.908Z,Valid,2298,0
2ab7d515-bdd3-450e-ba8c-9b73f607ae71,Morar - Cremin,Whitney.Little@hotmail.com,95152f04-ce21-4c24-a2a0-f7429049b3f5,2023-06-20T22:25:50.521Z,Valid,2036,1
4cda6a3f-e36f-407e-94bb-b7d6e51fd62c,"Trantow, Hickle and Blanda",Sydney_Zieme70@yahoo.com,9d4d5301-1942-4ab4-bd80-20274c2157c9,2024-05-19T03:50:25.629Z,Valid,2238,0
120ca9bd-d29c-45f3-8a7a-14cae5c5a25a,"Lynch, Hauck and Herzog",Tamia92@hotmail.com,c4900480-86c2-4feb-9611-c34ec591a4a2,2023-02-16T02:55:17.777Z,Invalid,1237,0
9bfb50a4-b31e-42c6-874f-7caf1e56af38,Wolf Group,Maye62@hotmail.com,3f3c3c08-27c7-4af3-bc4f-09056b0afa9f,2025-06-25T09:59:24.586Z,Pending,1940,0
74a55a37-35c7-4f32-b6b7-2e415b3ec1a9,Waters - Roob,Jacinto_Jerde@hotmail.com,b26f88b0-7a05-411a-963a-6cc8732a430d,2024-11-03T21:50:57.569Z,Valid,2177,0
60757b02-8c40-4ea4-87a8-f4ea4e9f4ba7,Friesen - Schamberger,Emilie37@gmail.com,6a9aac25-2f50-44da-a12d-60aee26e873a,2025-09-28T05:31:42.493Z,Pending,2131,0
c113b666-4001-4743-b3e1-1413607cced0,"Berge, Konopelski and Hayes",Jodie_Crooks49@gmail.com,2af830fa-9a3d-42e5-bc03-218c0a0d09b2,2023-09-04T07:26:20.056Z,Valid,2217,0
8d0337dc-e4a9-4560-94f2-fecbe34218b2,"Breitenberg, Klein and Bruen",Triston.Swaniawski88@yahoo.com,b3828fe6-22f7-4c41-ae54-3ebdc99df319,2024-05-31T05:11:04.911Z,Invalid,2464,0
97be7422-f091-487c-b996-c7359821b96e,"Johns, Abbott and Howell",Magdalena_Kihn@yahoo.com,6c8af60c-3b2d-4c00-82bb-27d5ff0a6328,2024-03-09T08:52:32.727Z,Valid,2112,1
0ed9d85c-3536-4b8c-8880-6b8ff07d54aa,Berge - Klocko,Haskell.Renner@hotmail.com,fddb4fef-ff14-43bf-b3a6-edbe723221bc,2023-06-16T21:53:44.449Z,Pending,160,0
0cce316f-32e7-43db-890e-bf7578885dda,"Donnelly, Corwin and Davis",Dewayne.Leffler@yahoo.com,7b7c34c9-e51a-45e7-b4ef-fa4a8b88b761,2026-10-24T15:48:16.977Z,Valid,1624,1
7e356005-06cd-4150-9d3a-780fdbc6d7a4,Stroman - Hauck,Brandt3@gmail.com,fc9d9576-7788-4e62-86f7-62615db0b1d8,2024-10-06T09:36:46.690Z,Pending,2322,1
4e8fc0cf-6d5b-494b-afbb-da8135f6e9f5,"Mraz, Durgan and Price",Cristobal.Bauch@gmail.com,44b8c285-78fb-46b2-a15f-84426bd1b7ae,2026-08-13T18:31:06.997Z,Valid,1598,0
07951c5e-eb18-4bba-ac42-e04675d18560,"Boyle, Mayer and Carroll",Deonte_Grimes@yahoo.com,428b0478-d283-4ac9-948a-e02fb535d7b2,2025-06-24T12:45:21.216Z,Pending,2017,0
176dd2b7-42a0-4485-846c-71fad95730df,Pagac LLC,Sydni.Hyatt87@yahoo.com,9c4f9bb4-fdb2-4da3-867f-5dd942053e7f,2024-05-15T02:09:16.963Z,Invalid,1325,1
fd685dc1-75bc-4b86-ae1a-dd2c0b09db0e,Macejkovic Inc,Hope.Mertz@hotmail.com,ae128534-e38f-4ee8-bf95-2e1b109dae9a,2026-06-06T04:38:56.853Z,Valid,266,0
569b1bb2-a14b-4501-93e0-4da645f44ccb,Weimann - Hamill,Janice8@hotmail.com,5002f424-b2bd-4a73-976b-3bebf215a213,2023-08-05T05:00:11.852Z,Invalid,1414,0
54322c3b-67cc-4df1-8bbd-ef4f6e7bd1f9,Kreiger Group,Teagan27@yahoo.com,beda591c-e0af-4e9c-9a2d-460a99e6c186,2023-11-17T04:20:15.024Z,Pending,1093,0
8d3526a9-61cc-4cfd-a9f9-651db91d9ba1,Weissnat LLC,Enoch17@gmail.com,09c82763-fc5d-44c0-8596-26c834444adf,2023-08-02T18:15:45.403Z,Valid,691,0
3f6e4f7a-32d9-42ff-af09-bc87dd98f8b7,Reichert - Mitchell,Prince.Kovacek@gmail.com,77c28d59-d9b0-49bd-92b1-19f5fb949d1a,2024-02-15T21:19:57.020Z,Pending,142,0
c7c65862-9a8b-4221-82e4-0671be8860a2,Ziemann - Weber,Margaretta_Kshlerin78@gmail.com,cfb78b6c-7c7c-4b23-bd7f-1323ba03a3da,2025-07-08T03:00:48.791Z,Invalid,1041,1
43bfbb25-9439-43f2-af56-cd2d50ff7d6c,"Mosciski, Bahringer and Heaney",Scot28@hotmail.com,538e5009-7ff5-4bbe-9ba3-130e589c44d8,2026-08-16T03:08:31.025Z,Valid,2350,0
9e54560e-5eba-46cb-9c0b-70a381734bb7,Cole - Herman,Leonie.Bailey@yahoo.com,571a814a-6e09-4a61-b695-852614a57071,2023-05-30T20:08:49.834Z,Valid,1276,0
b45f75b1-c8d2-40d8-a796-bcdeedcbeb84,Champlin LLC,Sterling90@gmail.com,04496401-8e06-4635-8836-3f4bbd116926,2024-10-30T12:13:03.926Z,Valid,588,0
1c309eb4-326f-442d-a1cf-5450bdf588ee,Smith - Beahan,Reggie_Shanahan26@gmail.com,a34dd8ec-3aad-49b9-a55d-5f724f70f3be,2025-01-02T15:43:42.363Z,Valid,2473,0
f5670ee2-9b8c-45f3-af9c-9721af81b11f,Labadie - Schmidt,Kayla46@gmail.com,5053f9d1-e5f3-4532-81dd-a31c237d2b5d,2026-04-07T22:28:46.910Z,Pending,324,0
e5569781-5ea7-4ea9-8227-dc88ea5b1a8c,"Kilback, Miller and Ankunding",Delilah_Streich-Lindgren41@yahoo.com,794102e9-32a0-457a-aae4-83fdc75815b8,2025-10-23T14:25:55.171Z,Valid,1233,1
7d5fef7b-09f3-4b9f-b9f0-0e46308ee65b,Ankunding LLC,Kian82@yahoo.com,3a6dd4fa-db22-47b4-afcc-3c14dd2d9985,2023-10-22T21:11:20.547Z,Valid,1878,0
69e1c4e8-9569-49d0-a0c1-41a91101c9f7,Schaefer - Runolfsdottir,Judah_Farrell@gmail.com,65c45fb8-907f-42d1-adb7-9027a388dbef,2023-08-28T12:06:22.192Z,Valid,455,0
d8adad33-4128-4632-af04-7ab7c132b23b,Block - Muller,Adolph_Conroy20@yahoo.com,9fc06ceb-5691-4c2f-8089-436bd9987598,2023-07-30T02:12:44.437Z,Valid,1690,0
44b20502-d7b2-4dc8-a6a9-33b7b737b109,Howe LLC,Germaine_Steuber@gmail.com,027518f3-1f4f-4dfd-b849-9e0ab653fc5e,2024-09-05T23:19:25.561Z,Invalid,1612,0
0071dc2f-0e0d-46bd-b8f3-43987b605450,Tillman - Hoppe,Roger_Considine@gmail.com,2a53117a-2549-4c97-9c97-46e2c788d01e,2023-11-22T02:01:20.667Z,Pending,2056,0
d234990a-98c9-4aff-8ee3-6312af281085,Berge Inc,Kay_Lebsack@gmail.com,cf118a9d-69a5-4733-ad88-07bdb7d08801,2023-09-18T09:29:09.496Z,Valid,1666,0
24d947ed-4719-4d4f-9e4a-959a4389b85f,"Douglas, Lynch and Gerlach",Bessie_Von4@hotmail.com,1c5b1d65-63c3-4b9e-a597-ae784f172ae3,2023-12-10T08:48:37.771Z,Valid,458,0
e20e0ce7-bd8f-4838-81d3-04bdb2c04cbf,"Denesik, Turner and Littel",Lulu_Bayer58@yahoo.com,8841e46d-9f99-4201-88b6-2c844726dd02,2026-09-06T03:13:59.419Z,Pending,657,0
d6856d40-e19b-486b-82a4-23d54c8cd432,"Kling, Gulgowski and Klein",Trenton_Wyman12@gmail.com,eb9d3a3e-92e6-454d-81ab-479e5645bef8,2025-06-03T01:00:51.935Z,Valid,2005,0
14a39dd4-ff4d-418e-90d4-648546383dec,"Leannon, Parisian and Franecki",Florian72@gmail.com,732cf0d3-e2cf-4ba2-9a3f-afd9af98e24c,2024-12-06T01:31:35.106Z,Valid,620,0
401bfc89-833d-433d-a0c3-f1765f527763,"Beahan, Conroy and Walter",Aubrey_Grant0@yahoo.com,9cc88696-256c-433a-b189-876c2c414c90,2023-11-22T11:07:30.388Z,Valid,2071,0
4407ed1f-5192-440b-b1c0-6cbdf8ed3d95,Osinski Inc,Eryn.Runolfsson@yahoo.com,b2690c98-c18d-43d3-9bfe-68d619f84328,2023-07-03T12:18:21.037Z,Valid,920,0
d8f906b1-af75-4d8b-9a99-6dded549d44f,O'Hara - Bailey,Estrella4@yahoo.com,e1bc93ef-d9b1-4053-a255-959ebe0e02c6,2025-12-12T11:30:03.994Z,Valid,1193,0
fa6bbbe7-3714-4b6c-8a69-f64e822363da,"Wisoky, Miller and Lubowitz",Vincenza.Buckridge@hotmail.com,115a4f27-ab53-4a2b-b729-ebb6ca194116,2023-07-29T20:06:20.533Z,Invalid,1314,0
30f23300-cb68-4330-9839-8b99dd6e3895,Dach Inc,Chaya_Schmeler58@gmail.com,6fa78be1-2ca1-44c0-a794-1c7cd73bdce7,2024-04-21T18:29:12.406Z,Pending,2394,0
217ad681-76f6-41f6-afd8-bb40b68eb227,Bruen - Krajcik,Theodore.Bins@gmail.com,b6c50ac7-2a0b-4314-827d-8751fbd4c297,2023-05-16T02:19:54.115Z,Valid,1763,0
0e6b2b7a-f829-4a5f-9818-a5c7b658bc64,Heller - O'Connell,Rosalia96@hotmail.com,d73247f0-1256-48b8-ade8-c8ba38188ac2,2026-09-23T04:48:05.732Z,Valid,2003,0
83aeabfe-e43a-4649-891a-9a6194e1cd77,"Renner, Fahey and Kuhn",London18@yahoo.com,d9164015-f0ae-425a-ac86-b1f54510949b,2023-02-04T17:38:43.605Z,Valid,225,0
6136ed97-6f7b-4dc3-96e1-5ac0b575f512,Schmidt Inc,Ramon_Goldner@yahoo.com,5092538c-e7da-4e75-a2fd-2080c11891cb,2025-02-25T20:26:56.651Z,Pending,365,0
71afe81b-6500-4220-b71d-3bfa2d99ad9e,Hintz - Sipes,Quentin.Streich95@yahoo.com,6a1565c8-25e3-4022-8c8b-06ed92ddc869,2024-12-13T02:06:44.031Z,Valid,577,0
86cec11f-803a-44dd-8638-1b1f635eb701,"Toy, Connelly and O'Hara",Jaida_Padberg@yahoo.com,a7109f96-3059-4934-8232-d66f0749c312,2023-08-13T08:15:23.398Z,Invalid,2441,0
38645d2b-c146-4dae-9805-76adee42e08b,Mante - Zieme,Brianne99@gmail.com,446e5d89-eba6-406d-930b-73249188903f,2023-04-08T06:36:47.643Z,Valid,2416,0
82c90a8c-c834-4e31-813b-df293b04d30f,Anderson Inc,Ursula_Thompson@hotmail.com,49d37b6e-f33e-41e0-8661-aa37daae0d0e,2023-04-25T17:41:18.923Z,Pending,2377,0
08447edc-754c-4bd0-8815-e65e804af607,Zboncak and Sons,Fidel48@gmail.com,d855f4e6-afd5-404f-9f37-d6258f64cca4,2024-01-13T12:48:08.922Z,Valid,2087,0
8e910f44-f4f2-45d7-9e80-06ac1d931026,"Johnson, McKenzie and Herzog",Lauren.Mayer65@hotmail.com,c283c28f-1d75-4af1-8d7f-1489e9406bb1,2023-05-11T12:04:24.076Z,Valid,1746,0
eaaa6c17-3bd4-4bc0-b0ef-e6cd34753f5b,Dooley - Lueilwitz,Keyon_Ebert82@gmail.com,3f3c3c08-27c7-4af3-bc4f-09056b0afa9f,2026-02-21T11:28:02.607Z,Pending,531,0
32ba7762-b470-48a3-b1ff-05ee852fbf4a,Funk and Sons,Osbaldo33@yahoo.com,8a35420b-7f4f-4e40-a954-d0e3036b6a9c,2024-03-29T01:09:17.888Z,Valid,234,0
e04c33fc-e0e0-4801-88ad-3b961e6ee9f1,"Rodriguez, Mante and Jerde",Cletus.Langworth@hotmail.com,b8beea4e-e322-410d-b7a6-e4e76437121b,2023-01-23T21:11:16.716Z,Valid,901,0
ba0fedb0-4021-473f-bab3-4d422180fe06,Kiehn - Cole,Devon_Johnston69@gmail.com,f31c01ad-9fd9-43c1-984f-c217046383a6,2024-11-12T22:11:58.960Z,Pending,207,0
49c752d9-74ff-469c-bf4f-1f087a371290,Deckow - Green,Adah24@gmail.com,6087b3ba-28ad-41d9-b371-4c19cc09544c,2023-11-22T18:23:21.378Z,Invalid,267,0
5bab8dea-ce33-4163-b5f1-7143c2406ad9,"Bosco, Bailey and Hamill",Bella_Champlin47@yahoo.com,9d708973-4b4f-42a7-87c6-4925b8e5a5de,2024-05-11T20:22:15.949Z,Valid,195,0
f22c2744-63c6-4d6e-9bc9-e3bc3a59a9fc,Bosco Inc,Michael.Hettinger@yahoo.com,8af2f2ee-5f8f-48ce-bd4c-2d8adf243a1a,2024-05-02T18:37:58.130Z,Valid,2114,0
4e929d27-4d3a-4ba1-a29c-a8f1881e6774,Fritsch - Treutel,Cleve_Bahringer@yahoo.com,6087b3ba-28ad-41d9-b371-4c19cc09544c,2025-01-09T10:08:06.650Z,Pending,1614,0
9228d9db-c749-4505-a357-77daf5935830,Mayer LLC,Emery42@hotmail.com,edee6774-3af6-4620-8245-d3ed95da44bf,2026-08-29T17:15:49.564Z,Pending,1993,0
271f8607-3a8e-4dbe-9c25-12245d3d604b,Rohan - Grimes,Deron.Hansen26@hotmail.com,1c5b1d65-63c3-4b9e-a597-ae784f172ae3,2025-04-15T00:36:01.665Z,Pending,803,0
e0b6f25a-6eb6-4cc1-b6fb-8d8d94ebc2d1,Donnelly Group,Gerhard_Kertzmann@gmail.com,6ec07b18-f489-444d-a6a0-e23a84d739d8,2024-11-17T10:38:06.264Z,Valid,1456,0
bccfc344-14e1-470e-be24-e9376a955047,McKenzie - Kautzer,Levi.Bode72@gmail.com,98824ca2-b52d-419f-b774-f30feadf452c,2026-02-27T04:31:19.596Z,Invalid,911,0
a160bcde-a437-46a1-b461-176d063991d9,Rutherford LLC,Cristian.Grady36@hotmail.com,a34dd8ec-3aad-49b9-a55d-5f724f70f3be,2024-09-30T03:31:26.989Z,Invalid,820,0
0bbf3aca-9cba-47f7-9d32-9edce5a2f45a,"Moen, Ankunding and Howell",Salma93@yahoo.com,027518f3-1f4f-4dfd-b849-9e0ab653fc5e,2024-10-10T02:13:49.113Z,Valid,2243,0
3f7a9915-3ffd-4e53-87a7-fe57234baab3,Aufderhar and Sons,Keanu_Quigley@gmail.com,d3ac898a-f01a-4c01-8458-dbc15f3c880a,2026-06-10T20:34:38.382Z,Valid,1612,0
f9b95baa-ddea-4310-a005-ced8545d5183,Schowalter - Ondricka,Marielle_Waters73@hotmail.com,5e7bd062-7e35-47c4-a962-aa8680a65340,2024-07-29T06:12:45.698Z,Valid,223,0
fa38fed1-4d4a-473a-b522-e34811be7c01,"Durgan, Grant and Cole",Loyal.Hammes89@hotmail.com,7a918a6d-d781-4f08-b6e3-a4fa3ab78a40,2023-10-29T20:49:23.885Z,Valid,413,0
9a6a83d5-fad8-45a1-a92c-5f38df1e3a96,Gerhold Inc,Stewart50@gmail.com,696e85a5-3a49-4f85-8114-9f80b23c0d4c,2024-12-12T23:58:12.186Z,Invalid,432,0
750a4df3-ff9b-4036-abaf-790852b0c20e,Padberg - Hermiston,Tania31@gmail.com,5002f424-b2bd-4a73-976b-3bebf215a213,2024-10-20T10:07:39.346Z,Valid,1556,0
a851c791-3634-496d-b955-f912c3d95e9c,"Jenkins, Waters and Ebert",Weston_Oberbrunner38@yahoo.com,636b15e3-4c6e-4478-8d32-28de5306ced7,2025-01-19T05:51:52.293Z,Valid,209,0
c7114c87-51a4-4c8a-8c28-61007b834922,Hintz Group,Nya_Pouros32@hotmail.com,49d37b6e-f33e-41e0-8661-aa37daae0d0e,2023-10-20T06:02:38.158Z,Pending,1562,0
5c61363b-cb57-49f8-a2fe-3cf71baf1fd5,Becker - Christiansen,Margarete_Rempel-Keebler@gmail.com,f40da53b-3e4c-452f-aac0-a2dff15a0c34,2025-03-13T08:55:12.692Z,Invalid,1900,0
5625d001-1b5b-4e72-9b41-61972ca33b5f,Reinger LLC,Elwin_Keebler31@yahoo.com,4c52c017-42b6-434e-8f51-ba401e3ec595,2023-11-04T19:09:11.941Z,Pending,1382,0
1f0a2719-eb55-494e-9aa2-5e0eda7a624f,"Nicolas, Feeney and Jacobi",Adalberto_Ledner78@yahoo.com,c283c28f-1d75-4af1-8d7f-1489e9406bb1,2025-10-09T22:31:08.889Z,Valid,1116,0
5d05660e-4d66-4a04-a7bd-04f825fb400e,"Vandervort, Shanahan and Hilpert",Neva14@hotmail.com,e49b493e-b969-4d91-a3d9-0281451d49ee,2026-12-26T22:25:53.252Z,Valid,1045,0
9f36ec18-12b8-49ce-92d0-a110e930de58,Okuneva Group,Garry90@yahoo.com,49d37b6e-f33e-41e0-8661-aa37daae0d0e,2025-03-16T17:07:20.993Z,Valid,819,0
be9172cc-4ee9-4feb-a507-ebda893adb28,Gleichner - Brekke,Delmer_Halvorson@hotmail.com,636b15e3-4c6e-4478-8d32-28de5306ced7,2024-11-25T12:40:29.652Z,Invalid,2127,0
60d3e587-b163-466d-94b7-295c6c41004a,Terry - Lockman,Tierra76@gmail.com,fcb96cba-2492-4e95-9429-64244cc84ce4,2023-07-03T11:21:57.802Z,Pending,1945,0
23a43ef1-1e1a-42b5-b81e-4f44c046eebd,Corkery Group,Axel33@hotmail.com,5483c066-895e-4d68-b7d1-b9476316fe17,2023-02-23T08:53:39.031Z,Invalid,355,0
9ff9ff6d-c3bb-4046-b0de-af1e44e0dd96,Kutch LLC,Dariana.Frami31@yahoo.com,9c966fc7-70c4-46b7-a635-1137b2185093,2023-09-01T23:01:47.594Z,Pending,1207,0
0f841b93-3452-4860-833e-b62935f7aa85,Schmitt Inc,Abigayle32@hotmail.com,91edc062-e598-484b-be70-361439752576,2025-11-10T23:07:49.946Z,Valid,1389,0
6a7f8980-dd59-4198-b385-89188c565d7c,"Ondricka, Feil and Rolfson",Randi.West78@hotmail.com,2494c8f2-022e-4e96-ab89-9bb343675fb5,2025-07-08T06:08:05.033Z,Pending,317,0
c589e015-fbc9-429b-84b3-baca0ec00bbd,"Schmitt, Cole and Yost",Laverne25@hotmail.com,e39843ce-50ac-4b76-a06d-10f210178d3a,2026-11-19T15:14:02.082Z,Valid,1849,0
467bcd3d-e4f2-4cbb-8271-231f2a840d85,Swaniawski - Nienow,Elnora47@gmail.com,1dea2c56-137d-47aa-b7af-7553e79e8432,2025-09-23T13:41:52.117Z,Valid,2243,0
0a45ac9c-93e3-47fb-aa63-543adf4be4ec,Stanton Inc,Clemmie54@yahoo.com,2a19dda3-42bd-40f0-8a1a-96ad006699b7,2025-11-13T21:00:29.107Z,Valid,1596,0
85448bba-1e5f-4d9e-abc3-fa4942375f28,Dickens - Jacobson,Koby.Hackett@hotmail.com,08ec0098-0668-47ab-8871-91261027a401,2024-11-26T05:05:50.615Z,Invalid,394,0
3c27b05b-d3ad-4b7e-9d2f-1dbe0630b55f,Schimmel - Shields,Richard40@hotmail.com,ce2cf8b1-061b-45b8-8312-45c1246bf38c,2025-11-19T01:33:01.367Z,Pending,994,0
879935c3-b130-4e78-b442-cc6b2b23a0d1,"Koss, Osinski and Purdy",Theodore72@hotmail.com,8841e46d-9f99-4201-88b6-2c844726dd02,2026-12-13T19:14:14.878Z,Valid,356,0
e2c6a993-302b-4af8-b989-0da0897ef57a,Bruen LLC,Elmore.Hansen96@yahoo.com,a26a88cd-d1df-48bb-b293-1f78da77182a,2023-02-27T01:35:26.272Z,Valid,2283,0
161910e5-6163-4df7-8523-962ee0b19270,Parisian - Stoltenberg,Daron_Powlowski94@yahoo.com,25f26079-1e5a-45c5-bb5c-396be9bf8350,2025-04-30T13:03:11.395Z,Pending,973,0
64dc4700-ef21-4b50-a567-135c607086da,"Gusikowski, Cole and Ryan",Glenda91@hotmail.com,3a6dd4fa-db22-47b4-afcc-3c14dd2d9985,2026-01-26T10:04:40.673Z,Invalid,431,0
c05c4fca-5042-410a-bb8d-3fc268d4dab9,Ernser - Wolf,Frida.Hermiston@gmail.com,4bdc184c-9f49-4227-93e0-a3e8acab3931,2026-03-06T19:08:33.915Z,Valid,1987,0
5066c0f3-5890-4d62-850a-56a043df2f75,Lebsack Inc,Jalen.Bartoletti@yahoo.com,7d64cb77-a8ba-41ce-a987-736ca230747e,2023-11-17T14:25:54.062Z,Valid,735,0
13fc62d1-b8d6-47c8-bae4-81e3626c1b92,Johns - Conn,Willy.Friesen@gmail.com,beda591c-e0af-4e9c-9a2d-460a99e6c186,2026-11-18T14:15:19.966Z,Pending,2096,0
52a5f400-3aec-452a-857b-cf6a006c5166,Ondricka - Strosin,Justice.Koss@yahoo.com,cd26bb15-194b-4c43-853b-cd80cfcbad64,2025-03-05T22:00:46.603Z,Pending,785,0
5eaaf4da-9756-45f3-bfcc-5a9597867a0e,"Schumm, Dietrich and Tremblay",Rozella.Pacocha@hotmail.com,d8ee6c25-b556-4d56-8866-cb09fb36cd57,2026-07-25T09:19:04.452Z,Invalid,1864,0
9a8ef184-247a-4bf8-b5e4-d188c3f9b9c0,Gorczany - Gerhold,Nia.Langworth@gmail.com,0f37711c-8e45-4e85-85f0-d551ae35bcef,2024-07-09T03:31:59.329Z,Valid,720,0
acf5c1da-9c3b-4477-88cf-4bd7d649fed4,"Mertz, Hahn and Ziemann",Howell.Waelchi37@hotmail.com,73701704-3712-411f-8d60-39903fbcd710,2025-11-13T02:43:16.347Z,Valid,1759,0
1ad8c3bd-2f3b-43ff-b4d8-aa39f9b8a5b7,Marks Inc,Heather.Erdman55@yahoo.com,cf118a9d-69a5-4733-ad88-07bdb7d08801,2023-05-10T01:50:47.534Z,Valid,2097,0
5d2e103d-c0dc-4f53-b9a0-adad9c577a27,"Langworth, Sporer and Grady",Reinhold_Romaguera6@hotmail.com,115a4f27-ab53-4a2b-b729-ebb6ca194116,2024-01-19T23:20:01.817Z,Valid,548,1
1926a7dd-0b0b-455f-9f7f-8b55d6cf655b,"Reilly, Reichert and Ward",Hipolito_Carter24@gmail.com,c4900480-86c2-4feb-9611-c34ec591a4a2,2023-07-05T18:34:04.235Z,Valid,624,0
bcfcb320-8b67-4f43-83a2-394157c8dcf3,Bins - Hirthe,Lillie.Raynor74@hotmail.com,463b4f48-2c43-419c-8d8e-9ca09ea7247a,2025-11-25T08:09:26.342Z,Valid,1188,0
ed3a7c8c-0957-4ed4-a7bd-77ff2bdb062c,VonRueden Group,Darlene27@gmail.com,25f26079-1e5a-45c5-bb5c-396be9bf8350,2025-07-18T06:05:53.819Z,Valid,1521,0
d760dff8-0776-4d59-a2e3-fdeb508fe7b6,Muller and Sons,Priscilla68@gmail.com,3f3c3c08-27c7-4af3-bc4f-09056b0afa9f,2023-09-17T20:34:44.919Z,Valid,231,1
0c14147d-be98-4e11-b324-7be9b483c98b,"Schultz, Lang and Thiel",Oma.Osinski77@hotmail.com,696e85a5-3a49-4f85-8114-9f80b23c0d4c,2026-02-18T02:35:35.496Z,Valid,380,0
6d5d9d64-8fe7-4a5f-9188-c15937fd8084,Koelpin - Bashirian,Raheem75@hotmail.com,f31c01ad-9fd9-43c1-984f-c217046383a6,2025-02-02T18:27:56.313Z,Valid,1270,0
6419875b-ee2d-492d-8c91-6ff237727e30,Franey Group,Shemar26@yahoo.com,facfecae-32df-4dfb-9a94-8b723a7e2575,2025-02-01T13:11:07.617Z,Pending,431,0
eed3af71-041b-46e6-a497-f9f2f7ce861d,"Lesch, Hegmann and Stokes",Erica.Wilkinson81@gmail.com,d855f4e6-afd5-404f-9f37-d6258f64cca4,2023-01-08T13:11:27.438Z,Valid,1783,0
7dbed2b0-173c-4ff7-bade-5235cfd5b751,Hauck Group,Annette_Zemlak24@hotmail.com,fddb4fef-ff14-43bf-b3a6-edbe723221bc,2026-12-18T21:21:57.236Z,Invalid,211,0
50a5e507-7aed-4f83-b1fc-0dfdc02cc1ee,Feest LLC,Christine.Keebler@gmail.com,8b0a5389-dcfa-4374-bd0f-3048d73d5084,2025-10-24T17:46:45.426Z,Pending,1384,0
ed6a7c87-b0e3-484f-a802-3e541d6605a5,Fadel and Sons,Garth80@yahoo.com,fcb96cba-2492-4e95-9429-64244cc84ce4,2024-06-24T23:45:57.569Z,Valid,1764,0
2b618100-7a60-424c-a153-5f5ff7428b7b,Rippin - Harris,Bennie.Wilderman@yahoo.com,c667ca10-eb5f-4471-8f11-d2047b71016a,2026-03-22T04:52:10.852Z,Invalid,449,0
68f3c543-8436-4dfd-956d-5d2ff743306f,"Gulgowski, Ziemann and Gulgowski",Emmet91@gmail.com,d2bff3f4-8d4f-4660-b7b9-0035e1d95a39,2026-05-15T06:38:13.012Z,Invalid,1904,1
c2ea8987-ba35-4349-b6ff-b69e3ec54e3f,Raynor LLC,Bradford_Bernier76@gmail.com,9d708973-4b4f-42a7-87c6-4925b8e5a5de,2026-03-31T13:30:17.874Z,Valid,693,0
727b1b9e-93b1-433c-9337-0884ac6154cd,Baumbach Group,Karlee_Blick47@hotmail.com,d2bff3f4-8d4f-4660-b7b9-0035e1d95a39,2024-02-24T17:49:52.989Z,Invalid,1462,0
42461dcc-4976-410a-a8d3-59d4fe0663ca,Ritchie Group,Cathy.Stehr@gmail.com,2d41abe8-1b94-411e-82a0-1e93f6a16a10,2023-12-01T06:51:43.262Z,Pending,2009,1
19a2c8f1-5c81-4334-b45e-79eeac5c5dad,Langworth Inc,Rod81@hotmail.com,6ec07b18-f489-444d-a6a0-e23a84d739d8,2023-04-24T11:26:27.144Z,Invalid,740,0
c83a7e70-e007-4cf5-92d1-f30c37f4aefd,"Towne, Wuckert and Dooley",Ed95@yahoo.com,0f37711c-8e45-4e85-85f0-d551ae35bcef,2024-05-21T02:12:10.514Z,Valid,1950,0
cf1abbfd-ac8e-4a6f-ba41-af714c6c3e70,Romaguera - Little,Carol19@yahoo.com,7d64cb77-a8ba-41ce-a987-736ca230747e,2023-06-14T22:34:26.148Z,Valid,817,0