eventId,eventTs,action,actorId,actorRole,targetType,targetId,ipHash,userAgentHash,velocity_1m,velocity_5m,velocity_15m,failures_15m,failure_ratio_15m,token_abuse_15m,access_denied_15m,security_alerts_15m,unique_targets_15m,stepup_challenges_15m,stepup_failures_15m,stepup_locked_24h,actor_age_hours,is_first_seen_actor,hour_of_day,day_of_week,seedSignals,labelSource,reviewStatus,weakLabel
b9e168e7-8c4d-4b52-ad22-d9ccd0701cb0,2026-03-04T14:15:17.698Z,CREDENTIAL_REQUESTED,user_3ARUCOW5gGenxgJXVjwpU7LanPc,STUDENT,CredentialRequest,310825d8-ecdd-424f-9ea8-90b57ffe762e,,,0,0,0,0,0,0,0,0,0,0,0,0,0,1,14,3,,weak_seed,,0
687c703c-e16f-4ae6-9106-c7e84de4e05b,2026-03-04T14:15:44.415Z,CREDENTIAL_REQUEST_APPROVED,user_3ARTYUOWpud71cTQ6BsXUqbx2gw,INSTITUTION,CredentialRequest,310825d8-ecdd-424f-9ea8-90b57ffe762e,,,0,0,0,0,0,0,0,0,0,0,0,0,0,1,14,3,future_security_followup_15m,future_followup,,1
61f55c87-3690-49a2-85aa-3e430f8e1e5e,2026-03-04T14:15:59.176Z,SECURITY_ALERT,user_3ARTYUOWpud71cTQ6BsXUqbx2gw,INSTITUTION,StepUpChallenge,af5b522e-053d-4eaf-8748-68c5e8ffc16d,,93401fdcc71d100f5c3287527d5340f8ea62e2408e53b9dd34b8ec7ca229fb7f,1,1,1,0,0,0,0,0,1,1,0,0,0.004100277777777778,1,14,3,future_security_followup_15m,future_followup,,1
bc576465-1257-4f45-9506-95f0046c616a,2026-03-04T14:16:18.457Z,SECURITY_ALERT,user_3ARTYUOWpud71cTQ6BsXUqbx2gw,INSTITUTION,StepUpChallenge,6cd420d2-845d-437f-ae26-7ae913bb1749,,93401fdcc71d100f5c3287527d5340f8ea62e2408e53b9dd34b8ec7ca229fb7f,2,2,2,1,0.5,0,0,1,2,2,0,0,0.009456111111111111,1,14,3,high_failure_ratio_15m|future_security_followup_15m,future_followup,,1
c0781a3a-35fc-4a92-80f3-030df6f1210f,2026-03-04T14:18:42.016Z,SECURITY_ALERT,user_3ARTYUOWpud71cTQ6BsXUqbx2gw,INSTITUTION,StepUpChallenge,b492a29a-65e0-4480-8fe9-4eb017284990,,93401fdcc71d100f5c3287527d5340f8ea62e2408e53b9dd34b8ec7ca229fb7f,0,3,3,2,0.6666666666666666,0,0,2,3,3,0,0,0.04933361111111111,1,14,3,high_failure_ratio_15m,weak_seed,,1
b14875a1-70d9-40ac-bf8f-95bf8409e7fe,2026-03-04T14:19:35.586Z,ACCESS_GRANTED,user_3ARTYUOWpud71cTQ6BsXUqbx2gw,INSTITUTION,StepUpChallenge,b492a29a-65e0-4480-8fe9-4eb017284990,,93401fdcc71d100f5c3287527d5340f8ea62e2408e53b9dd34b8ec7ca229fb7f,1,4,4,3,0.75,0,0,3,4,3,0,0,0.06421416666666667,1,14,3,high_failure_ratio_15m,weak_seed,,0
b50d8560-13bb-47b6-8fe6-7a0da653ce52,2026-03-04T14:19:36.496Z,CREDENTIAL_CREATED,user_3ARTYUOWpud71cTQ6BsXUqbx2gw,INSTITUTION,Credential,87d1151e-c80f-4515-883f-898aa8fecf8b,,,2,5,5,3,0.6,0,0,3,4,3,0,0,0.06446694444444444,1,14,3,high_failure_ratio_15m,weak_seed,,0
c9f4bee3-3e3e-4750-9db3-5ebb0324adc8,2026-03-04T14:19:37.852Z,CREDENTIAL_ISSUED,user_3ARTYUOWpud71cTQ6BsXUqbx2gw,INSTITUTION,Credential,87d1151e-c80f-4515-883f-898aa8fecf8b,,,3,6,6,3,0.5,0,0,3,5,3,0,0,0.06484361111111112,1,14,3,high_failure_ratio_15m|wide_target_spread_15m|new_actor_high_velocity_5m,weak_seed,,0
b976389e-17f5-4004-baec-f13ff714907d,2026-03-04T14:19:39.302Z,CREDENTIAL_REQUEST_COMPLETED,user_3ARTYUOWpud71cTQ6BsXUqbx2gw,INSTITUTION,CredentialRequest,310825d8-ecdd-424f-9ea8-90b57ffe762e,,,4,7,7,3,0.42857142857142855,0,0,3,5,3,0,0,0.0652463888888889,1,14,3,wide_target_spread_15m|new_actor_high_velocity_5m,weak_seed,,0
ff9577bd-27ab-46b4-b5df-abceaccd6fd6,2026-03-04T14:28:13.606Z,ACCESS_GRANTED,user_3ARUCOW5gGenxgJXVjwpU7LanPc,STUDENT,CredentialDocument,87d1151e-c80f-4515-883f-898aa8fecf8b,,,0,0,1,0,0,0,0,0,1,0,0,0,0.21553,1,14,3,,weak_seed,,0
9743f4c6-4c99-490e-b8c5-13d969a97ea2,2026-03-04T14:28:13.851Z,ACCESS_GRANTED,user_3ARUCOW5gGenxgJXVjwpU7LanPc,STUDENT,CredentialDocument,87d1151e-c80f-4515-883f-898aa8fecf8b,,,1,1,2,0,0,0,0,0,2,0,0,0,0.21559805555555556,1,14,3,,weak_seed,,0
a9cb70c5-3180-45f3-9f68-e2e4701dd9af,2026-03-04T14:28:16.868Z,QR_TOKEN_GENERATED,user_3ARUCOW5gGenxgJXVjwpU7LanPc,STUDENT,CredentialQrToken,480558d4-f697-452e-b6a8-c18705f1e91c,,,2,2,3,0,0,0,0,0,2,0,0,0,0.2164361111111111,1,14,3,,weak_seed,,0
28030853-cd8b-472d-ba30-0a7a114f696d,2026-03-04T14:29:36.034Z,ACCESS_GRANTED,user_3ARUCOW5gGenxgJXVjwpU7LanPc,STUDENT,CredentialDocument,87d1151e-c80f-4515-883f-898aa8fecf8b,,,0,3,4,0,0,0,0,0,3,0,0,0,0.23842666666666668,1,14,3,,weak_seed,,0
ad44f9ea-dcbe-4f64-a857-0d8f80c4947f,2026-03-04T14:29:36.141Z,ACCESS_GRANTED,user_3ARUCOW5gGenxgJXVjwpU7LanPc,STUDENT,CredentialDocument,87d1151e-c80f-4515-883f-898aa8fecf8b,,,1,4,5,0,0,0,0,0,3,0,0,0,0.2384563888888889,1,14,3,,weak_seed,,0
5ca0ad96-f9ce-4dc6-8013-7bddec46a861,2026-03-04T14:29:39.264Z,ACCESS_GRANTED,user_3ARUCOW5gGenxgJXVjwpU7LanPc,STUDENT,CredentialDocument,87d1151e-c80f-4515-883f-898aa8fecf8b,,,2,5,6,0,0,0,0,0,3,0,0,0,0.2393238888888889,1,14,3,,weak_seed,,0
cb7584be-42fb-4e8e-8c03-d8d345ef7468,2026-03-04T14:29:39.281Z,ACCESS_GRANTED,user_3ARUCOW5gGenxgJXVjwpU7LanPc,STUDENT,CredentialDocument,87d1151e-c80f-4515-883f-898aa8fecf8b,,,3,6,7,0,0,0,0,0,3,0,0,0,0.23932861111111112,1,14,3,new_actor_high_velocity_5m,weak_seed,,0
5df9a79a-fbaa-46e6-931b-1b4db9a89f68,2026-03-04T14:29:49.772Z,ACCESS_GRANTED,user_3ARUCOW5gGenxgJXVjwpU7LanPc,STUDENT,CredentialDocument,87d1151e-c80f-4515-883f-898aa8fecf8b,,,4,7,8,0,0,0,0,0,3,0,0,0,0.24224277777777778,1,14,3,new_actor_high_velocity_5m,weak_seed,,0
ad911d5f-9035-4372-a8aa-21fa440678e7,2026-03-04T14:29:49.792Z,ACCESS_GRANTED,user_3ARUCOW5gGenxgJXVjwpU7LanPc,STUDENT,CredentialDocument,87d1151e-c80f-4515-883f-898aa8fecf8b,,,5,8,9,0,0,0,0,0,3,0,0,0,0.24224833333333334,1,14,3,new_actor_high_velocity_5m,weak_seed,,0
716d04cb-66f2-453e-88b7-b8759183e000,2026-03-04T14:29:58.757Z,ACCESS_GRANTED,user_3ARUCOW5gGenxgJXVjwpU7LanPc,STUDENT,CredentialDocument,87d1151e-c80f-4515-883f-898aa8fecf8b,,,6,9,10,0,0,0,0,0,3,0,0,0,0.24473861111111112,1,14,3,new_actor_high_velocity_5m,weak_seed,,0
287d2862-d4a5-4cf7-b0e7-308a01976c26,2026-03-04T14:29:59.043Z,ACCESS_GRANTED,user_3ARUCOW5gGenxgJXVjwpU7LanPc,STUDENT,CredentialDocument,87d1151e-c80f-4515-883f-898aa8fecf8b,,,7,10,11,0,0,0,0,0,3,0,0,0,0.24481805555555555,1,14,3,new_actor_high_velocity_5m,weak_seed,,0
0504bf74-d89d-4ab8-b493-193293a8d8cd,2026-03-04T14:31:04.987Z,ACCESS_GRANTED,user_3ARUCOW5gGenxgJXVjwpU7LanPc,STUDENT,CredentialDocument,87d1151e-c80f-4515-883f-898aa8fecf8b,,,0,11,11,0,0,0,0,0,2,0,0,0,0.26313583333333335,1,14,3,new_actor_high_velocity_5m,weak_seed,,0
2f85b444-8d7e-4127-8375-afe244072317,2026-03-04T14:31:05.006Z,ACCESS_GRANTED,user_3ARUCOW5gGenxgJXVjwpU7LanPc,STUDENT,CredentialDocument,87d1151e-c80f-4515-883f-898aa8fecf8b,,,1,12,12,0,0,0,0,0,2,0,0,0,0.2631411111111111,1,14,3,new_actor_high_velocity_5m,weak_seed,,0
8dc6b366-4170-4c8a-af3b-6bfe899bbc08,2026-03-04T14:31:10.463Z,ACCESS_GRANTED,user_3ARUCOW5gGenxgJXVjwpU7LanPc,STUDENT,CredentialDocument,87d1151e-c80f-4515-883f-898aa8fecf8b,,,2,13,13,0,0,0,0,0,2,0,0,0,0.26465694444444443,1,14,3,new_actor_high_velocity_5m,weak_seed,,0
9c38f9f4-21cd-441a-8874-7f612e50e465,2026-03-04T14:31:10.771Z,ACCESS_GRANTED,user_3ARUCOW5gGenxgJXVjwpU7LanPc,STUDENT,CredentialDocument,87d1151e-c80f-4515-883f-898aa8fecf8b,,,3,14,14,0,0,0,0,0,2,0,0,0,0.2647425,1,14,3,new_actor_high_velocity_5m,weak_seed,,0
11a6cca6-64b8-4aad-91d9-48c6e07b54f0,2026-03-04T14:31:13.379Z,ACCESS_GRANTED,user_3ARUCOW5gGenxgJXVjwpU7LanPc,STUDENT,CredentialDocument,87d1151e-c80f-4515-883f-898aa8fecf8b,,,4,15,15,0,0,0,0,0,2,0,0,0,0.26546694444444446,1,14,3,new_actor_high_velocity_5m,weak_seed,,0
0c10fa11-b2a2-4ef5-8ee3-5fd23b73ffaa,2026-03-04T14:31:13.398Z,ACCESS_GRANTED,user_3ARUCOW5gGenxgJXVjwpU7LanPc,STUDENT,CredentialDocument,87d1151e-c80f-4515-883f-898aa8fecf8b,,,5,16,16,0,0,0,0,0,2,0,0,0,0.2654722222222222,1,14,3,new_actor_high_velocity_5m,weak_seed,,0
c1e2ed41-1127-4b57-ad60-5590b45e802c,2026-03-04T14:31:39.251Z,ACCESS_GRANTED,user_3ARUCOW5gGenxgJXVjwpU7LanPc,STUDENT,CredentialDocument,87d1151e-c80f-4515-883f-898aa8fecf8b,,,6,17,17,0,0,0,0,0,2,0,0,0,0.27265361111111114,1,14,3,new_actor_high_velocity_5m,weak_seed,,0
b274d144-f9fc-453c-826a-1c7d3144237c,2026-03-04T14:31:39.268Z,ACCESS_GRANTED,user_3ARUCOW5gGenxgJXVjwpU7LanPc,STUDENT,CredentialDocument,87d1151e-c80f-4515-883f-898aa8fecf8b,,,7,18,18,0,0,0,0,0,2,0,0,0,0.27265833333333334,1,14,3,new_actor_high_velocity_5m,weak_seed,,0
5f955554-845a-4c86-ae2f-de67e38fb47f,2026-03-04T14:31:49.538Z,ACCESS_GRANTED,user_3ARUCOW5gGenxgJXVjwpU7LanPc,STUDENT,CredentialDocument,87d1151e-c80f-4515-883f-898aa8fecf8b,,,8,19,19,0,0,0,0,0,2,0,0,0,0.2755111111111111,1,14,3,high_velocity_1m|new_actor_high_velocity_5m,weak_seed,,0
a6bdb6ec-90e4-4584-8f75-cbe75d109258,2026-03-04T14:31:49.663Z,ACCESS_GRANTED,user_3ARUCOW5gGenxgJXVjwpU7LanPc,STUDENT,CredentialDocument,87d1151e-c80f-4515-883f-898aa8fecf8b,,,9,20,20,0,0,0,0,0,2,0,0,0,0.2755458333333333,1,14,3,high_velocity_1m|new_actor_high_velocity_5m,weak_seed,,0
ed6b79ec-1c6c-4f32-b2fe-53ac80aa37d6,2026-03-04T14:31:55.054Z,ACCESS_GRANTED,user_3ARUCOW5gGenxgJXVjwpU7LanPc,STUDENT,CredentialDocument,87d1151e-c80f-4515-883f-898aa8fecf8b,,,10,21,21,0,0,0,0,0,2,0,0,0,0.2770433333333333,1,14,3,high_velocity_1m|new_actor_high_velocity_5m,weak_seed,,0
41faaffa-3091-425c-a764-5d5fa3e2d1d5,2026-03-04T14:31:55.356Z,ACCESS_GRANTED,user_3ARUCOW5gGenxgJXVjwpU7LanPc,STUDENT,CredentialDocument,87d1151e-c80f-4515-883f-898aa8fecf8b,,,11,22,22,0,0,0,0,0,2,0,0,0,0.27712722222222225,1,14,3,high_velocity_1m|new_actor_high_velocity_5m,weak_seed,,0
95e41ac1-d544-4cc3-9f12-089963531dea,2026-03-04T14:32:00.177Z,ACCESS_GRANTED,user_3ARUCOW5gGenxgJXVjwpU7LanPc,STUDENT,CredentialDocument,87d1151e-c80f-4515-883f-898aa8fecf8b,,,12,23,23,0,0,0,0,0,2,0,0,0,0.2784663888888889,1,14,3,high_velocity_1m|new_actor_high_velocity_5m,weak_seed,,0
6720048f-974c-4906-b32b-9bb5f1108921,2026-03-04T14:32:00.194Z,ACCESS_GRANTED,user_3ARUCOW5gGenxgJXVjwpU7LanPc,STUDENT,CredentialDocument,87d1151e-c80f-4515-883f-898aa8fecf8b,,,13,24,24,0,0,0,0,0,2,0,0,0,0.2784711111111111,1,14,3,high_velocity_1m|new_actor_high_velocity_5m,weak_seed,,0
662463d1-f301-469f-8406-4c4be1efbd57,2026-03-04T14:32:06.688Z,ACCESS_GRANTED,user_3ARUCOW5gGenxgJXVjwpU7LanPc,STUDENT,CredentialDocument,87d1151e-c80f-4515-883f-898aa8fecf8b,,,12,25,25,0,0,0,0,0,2,0,0,0,0.280275,1,14,3,high_velocity_1m|new_actor_high_velocity_5m,weak_seed,,0
97eeb7c7-dc5f-4173-bbc6-9197cc9f9bc0,2026-03-04T14:32:06.702Z,ACCESS_GRANTED,user_3ARUCOW5gGenxgJXVjwpU7LanPc,STUDENT,CredentialDocument,87d1151e-c80f-4515-883f-898aa8fecf8b,,,13,26,26,0,0,0,0,0,2,0,0,0,0.2802788888888889,1,14,3,high_velocity_1m|new_actor_high_velocity_5m,weak_seed,,0
bec4db32-e5f0-40ba-8187-eb2d171af3bd,2026-03-04T14:32:10.029Z,ACCESS_GRANTED,user_3ARUCOW5gGenxgJXVjwpU7LanPc,STUDENT,CredentialDocument,87d1151e-c80f-4515-883f-898aa8fecf8b,,,14,27,27,0,0,0,0,0,2,0,0,0,0.2812030555555556,1,14,3,high_velocity_1m|new_actor_high_velocity_5m,weak_seed,,0
379741c7-a1ce-4155-9ed5-2dc8474b7505,2026-03-04T14:32:10.350Z,ACCESS_GRANTED,user_3ARUCOW5gGenxgJXVjwpU7LanPc,STUDENT,CredentialDocument,87d1151e-c80f-4515-883f-898aa8fecf8b,,,15,28,28,0,0,0,0,0,2,0,0,0,0.2812922222222222,1,14,3,high_velocity_1m|new_actor_high_velocity_5m,weak_seed,,0
18c57c09-a315-49ea-aa77-7398d56bab78,2026-03-04T14:32:11.538Z,ACCESS_GRANTED,user_3ARUCOW5gGenxgJXVjwpU7LanPc,STUDENT,CredentialDocument,87d1151e-c80f-4515-883f-898aa8fecf8b,,,14,29,29,0,0,0,0,0,2,0,0,0,0.2816222222222222,1,14,3,high_velocity_1m|new_actor_high_velocity_5m,weak_seed,,0
ca74b556-be44-4970-8a43-23d17ed5fa1f,2026-03-04T14:32:11.856Z,ACCESS_GRANTED,user_3ARUCOW5gGenxgJXVjwpU7LanPc,STUDENT,CredentialDocument,87d1151e-c80f-4515-883f-898aa8fecf8b,,,15,30,30,0,0,0,0,0,2,0,0,0,0.2817105555555556,1,14,3,high_velocity_1m|new_actor_high_velocity_5m,weak_seed,,0
01b9cd9b-c588-42b0-9544-ffa6bffc73b4,2026-03-04T14:32:13.474Z,ACCESS_GRANTED,user_3ARUCOW5gGenxgJXVjwpU7LanPc,STUDENT,CredentialDocument,87d1151e-c80f-4515-883f-898aa8fecf8b,,,14,31,31,0,0,0,0,0,2,0,0,0,0.28216,1,14,3,high_velocity_1m|new_actor_high_velocity_5m,weak_seed,,0
2663d4b3-95b9-4e63-a5ee-a5b105d8c290,2026-03-04T14:32:13.773Z,ACCESS_GRANTED,user_3ARUCOW5gGenxgJXVjwpU7LanPc,STUDENT,CredentialDocument,87d1151e-c80f-4515-883f-898aa8fecf8b,,,15,32,32,0,0,0,0,0,2,0,0,0,0.28224305555555557,1,14,3,high_velocity_1m|new_actor_high_velocity_5m,weak_seed,,0
aedcd090-fab6-41bc-9f04-31f0471e7050,2026-03-04T14:32:16.093Z,ACCESS_GRANTED,user_3ARUCOW5gGenxgJXVjwpU7LanPc,STUDENT,CredentialDocument,87d1151e-c80f-4515-883f-898aa8fecf8b,,,16,33,33,0,0,0,0,0,2,0,0,0,0.2828875,1,14,3,high_velocity_1m|new_actor_high_velocity_5m,weak_seed,,0
ec2a2dcf-0ce9-467d-a922-2c86e94afe85,2026-03-04T14:32:16.420Z,ACCESS_GRANTED,user_3ARUCOW5gGenxgJXVjwpU7LanPc,STUDENT,CredentialDocument,87d1151e-c80f-4515-883f-898aa8fecf8b,,,17,34,34,0,0,0,0,0,2,0,0,0,0.28297833333333333,1,14,3,high_velocity_1m|new_actor_high_velocity_5m,weak_seed,,0
4be5303e-d8ce-488f-bc0d-79149a4aa948,2026-03-04T14:32:22.657Z,ACCESS_GRANTED,user_3ARUCOW5gGenxgJXVjwpU7LanPc,STUDENT,CredentialDocument,87d1151e-c80f-4515-883f-898aa8fecf8b,,,18,35,35,0,0,0,0,0,2,0,0,0,0.28471083333333336,1,14,3,high_velocity_1m|new_actor_high_velocity_5m,weak_seed,,0
ca4dc0b7-25a1-4502-b5e8-08b59a53a37f,2026-03-04T14:32:22.947Z,ACCESS_GRANTED,user_3ARUCOW5gGenxgJXVjwpU7LanPc,STUDENT,CredentialDocument,87d1151e-c80f-4515-883f-898aa8fecf8b,,,19,36,36,0,0,0,0,0,2,0,0,0,0.2847913888888889,1,14,3,high_velocity_1m|new_actor_high_velocity_5m,weak_seed,,0
ef523020-5c84-4c3a-a5fd-d9502ef7d5c0,2026-03-04T14:32:25.534Z,ACCESS_GRANTED,user_3ARUCOW5gGenxgJXVjwpU7LanPc,STUDENT,CredentialDocument,87d1151e-c80f-4515-883f-898aa8fecf8b,,,20,37,37,0,0,0,0,0,2,0,0,0,0.28551,1,14,3,high_velocity_1m|new_actor_high_velocity_5m,weak_seed,,0
0453d28b-a86a-4746-a466-244550011895,2026-03-04T14:32:25.551Z,ACCESS_GRANTED,user_3ARUCOW5gGenxgJXVjwpU7LanPc,STUDENT,CredentialDocument,87d1151e-c80f-4515-883f-898aa8fecf8b,,,21,38,38,0,0,0,0,0,2,0,0,0,0.28551472222222224,1,14,3,high_velocity_1m|new_actor_high_velocity_5m,weak_seed,,0
01f19857-b901-47b8-bc4f-bdb26743c003,2026-03-04T14:32:38.135Z,ACCESS_GRANTED,user_3ARUCOW5gGenxgJXVjwpU7LanPc,STUDENT,CredentialDocument,87d1151e-c80f-4515-883f-898aa8fecf8b,,,22,39,39,0,0,0,0,0,2,0,0,0,0.28901027777777777,1,14,3,high_velocity_1m|new_actor_high_velocity_5m,weak_seed,,0
92318ad7-59cd-498c-91d2-f74c04524f27,2026-03-04T14:32:38.152Z,ACCESS_GRANTED,user_3ARUCOW5gGenxgJXVjwpU7LanPc,STUDENT,CredentialDocument,87d1151e-c80f-4515-883f-898aa8fecf8b,,,23,40,40,0,0,0,0,0,2,0,0,0,0.289015,1,14,3,high_velocity_1m|new_actor_high_velocity_5m,weak_seed,,0
6a2d94b0-a0e9-4157-a488-a07ab41f81d4,2026-03-04T14:32:39.667Z,ACCESS_GRANTED,user_3ARUCOW5gGenxgJXVjwpU7LanPc,STUDENT,CredentialDocument,87d1151e-c80f-4515-883f-898aa8fecf8b,,,22,41,41,0,0,0,0,0,2,0,0,0,0.28943583333333334,1,14,3,high_velocity_1m|new_actor_high_velocity_5m,weak_seed,,0
bbd9b0ba-c0ed-4161-a9a4-d6150dd3e440,2026-03-04T14:32:40.005Z,ACCESS_GRANTED,user_3ARUCOW5gGenxgJXVjwpU7LanPc,STUDENT,CredentialDocument,87d1151e-c80f-4515-883f-898aa8fecf8b,,,23,42,42,0,0,0,0,0,2,0,0,0,0.28952972222222223,1,14,3,high_velocity_1m|new_actor_high_velocity_5m,weak_seed,,0
f0815e05-f82a-407b-8250-b64965be23dc,2026-03-04T14:32:46.532Z,ACCESS_GRANTED,user_3ARUCOW5gGenxgJXVjwpU7LanPc,STUDENT,CredentialDocument,87d1151e-c80f-4515-883f-898aa8fecf8b,,,24,43,43,0,0,0,0,0,2,0,0,0,0.2913427777777778,1,14,3,high_velocity_1m|new_actor_high_velocity_5m,weak_seed,,0
dd7ef87a-b263-403c-a196-3fd57d0d56cd,2026-03-04T14:32:46.845Z,ACCESS_GRANTED,user_3ARUCOW5gGenxgJXVjwpU7LanPc,STUDENT,CredentialDocument,87d1151e-c80f-4515-883f-898aa8fecf8b,,,25,44,44,0,0,0,0,0,2,0,0,0,0.29142972222222224,1,14,3,high_velocity_1m|new_actor_high_velocity_5m,weak_seed,,0
9d5e6ab1-e585-4fa8-b7ea-73a9319f2d6f,2026-03-04T14:32:59.643Z,ACCESS_GRANTED,user_3ARUCOW5gGenxgJXVjwpU7LanPc,STUDENT,CredentialDocument,87d1151e-c80f-4515-883f-898aa8fecf8b,,,22,45,45,0,0,0,0,0,2,0,0,0,0.2949847222222222,1,14,3,high_velocity_1m|new_actor_high_velocity_5m,weak_seed,,0
ba622ab0-3e5f-439d-b405-a426fbcbafb5,2026-03-04T14:32:59.657Z,ACCESS_GRANTED,user_3ARUCOW5gGenxgJXVjwpU7LanPc,STUDENT,CredentialDocument,87d1151e-c80f-4515-883f-898aa8fecf8b,,,23,46,46,0,0,0,0,0,2,0,0,0,0.29498861111111113,1,14,3,high_velocity_1m|new_actor_high_velocity_5m,weak_seed,,0
1cbae76d-fa94-4d84-abaf-2e8efb7060e3,2026-03-04T14:33:07.857Z,ACCESS_GRANTED,user_3ARUCOW5gGenxgJXVjwpU7LanPc,STUDENT,CredentialDocument,87d1151e-c80f-4515-883f-898aa8fecf8b,,,20,47,47,0,0,0,0,0,2,0,0,0,0.2972663888888889,1,14,3,high_velocity_1m|new_actor_high_velocity_5m,weak_seed,,0
984da904-3763-4228-bce9-4add4dcca9e4,2026-03-04T14:33:07.879Z,ACCESS_GRANTED,user_3ARUCOW5gGenxgJXVjwpU7LanPc,STUDENT,CredentialDocument,87d1151e-c80f-4515-883f-898aa8fecf8b,,,21,48,48,0,0,0,0,0,2,0,0,0,0.2972725,1,14,3,high_velocity_1m|new_actor_high_velocity_5m,weak_seed,,0
58d56cdd-6281-4be3-9c37-5b6530745828,2026-03-04T14:58:02.767Z,ACCESS_GRANTED,user_3ARTYUOWpud71cTQ6BsXUqbx2gw,INSTITUTION,CredentialDocument,87d1151e-c80f-4515-883f-898aa8fecf8b,,,0,0,0,0,0,0,0,0,0,0,0,0,0.7050977777777778,1,14,3,,weak_seed,,0
cdea1275-6eb5-4209-9e18-cfd17bedd914,2026-03-04T15:02:33.190Z,ACCESS_GRANTED,user_3ARTYUOWpud71cTQ6BsXUqbx2gw,INSTITUTION,CredentialDocument,87d1151e-c80f-4515-883f-898aa8fecf8b,,,0,1,1,0,0,0,0,0,1,0,0,0,0.7802152777777778,1,15,3,,weak_seed,,0
4d6a17af-9e53-4447-8ceb-22ef451ca1e2,2026-03-04T15:02:33.236Z,ACCESS_GRANTED,user_3ARTYUOWpud71cTQ6BsXUqbx2gw,INSTITUTION,CredentialDocument,87d1151e-c80f-4515-883f-898aa8fecf8b,,,1,2,2,0,0,0,0,0,1,0,0,0,0.7802280555555555,1,15,3,,weak_seed,,0
d33178a9-9ed7-4900-8047-d1dacc329885,2026-03-04T15:02:35.509Z,ACCESS_GRANTED,user_3ARTYUOWpud71cTQ6BsXUqbx2gw,INSTITUTION,CredentialDocument,87d1151e-c80f-4515-883f-898aa8fecf8b,,,2,3,3,0,0,0,0,0,1,0,0,0,0.7808594444444444,1,15,3,,weak_seed,,0
20608b95-c424-4667-94d0-a2e26e64f4ed,2026-03-04T15:02:35.749Z,ACCESS_GRANTED,user_3ARTYUOWpud71cTQ6BsXUqbx2gw,INSTITUTION,CredentialDocument,87d1151e-c80f-4515-883f-898aa8fecf8b,,,3,4,4,0,0,0,0,0,1,0,0,0,0.7809261111111111,1,15,3,,weak_seed,,0
789f7996-00a5-4d1d-b848-58ab1afd9c12,2026-03-04T15:03:22.594Z,ACCESS_GRANTED,user_3ARTYUOWpud71cTQ6BsXUqbx2gw,INSTITUTION,CredentialDocument,87d1151e-c80f-4515-883f-898aa8fecf8b,,,4,4,5,0,0,0,0,0,1,0,0,0,0.7939386111111111,1,15,3,,weak_seed,,0
9b62f6f9-afcf-476a-95fb-de69d00ac715,2026-03-04T15:03:22.657Z,ACCESS_GRANTED,user_3ARTYUOWpud71cTQ6BsXUqbx2gw,INSTITUTION,CredentialDocument,87d1151e-c80f-4515-883f-898aa8fecf8b,,,5,5,6,0,0,0,0,0,1,0,0,0,0.7939561111111111,1,15,3,,weak_seed,,0
2eea99dc-9c90-4733-8c9e-48c7ccda1260,2026-03-04T15:03:33.181Z,ACCESS_GRANTED,user_3ARTYUOWpud71cTQ6BsXUqbx2gw,INSTITUTION,CredentialDocument,87d1151e-c80f-4515-883f-898aa8fecf8b,,,6,6,7,0,0,0,0,0,1,0,0,0,0.7968794444444445,1,15,3,new_actor_high_velocity_5m,weak_seed,,0
ca2edf7c-8063-448d-895b-10ce44c9b919,2026-03-04T15:03:33.201Z,ACCESS_GRANTED,user_3ARTYUOWpud71cTQ6BsXUqbx2gw,INSTITUTION,CredentialDocument,87d1151e-c80f-4515-883f-898aa8fecf8b,,,6,7,8,0,0,0,0,0,1,0,0,0,0.796885,1,15,3,new_actor_high_velocity_5m,weak_seed,,0
369c2578-97a0-49c0-90cd-a1b5559aca18,2026-03-04T15:03:35.221Z,ACCESS_GRANTED,user_3ARTYUOWpud71cTQ6BsXUqbx2gw,INSTITUTION,CredentialDocument,87d1151e-c80f-4515-883f-898aa8fecf8b,,,6,8,9,0,0,0,0,0,1,0,0,0,0.7974461111111111,1,15,3,new_actor_high_velocity_5m,weak_seed,,0
fd181fab-0c07-4fe2-85e9-cb12726e6b2c,2026-03-04T15:03:35.551Z,ACCESS_GRANTED,user_3ARTYUOWpud71cTQ6BsXUqbx2gw,INSTITUTION,CredentialDocument,87d1151e-c80f-4515-883f-898aa8fecf8b,,,6,9,10,0,0,0,0,0,1,0,0,0,0.7975377777777778,1,15,3,new_actor_high_velocity_5m,weak_seed,,0
3e0e83a4-cca3-45d6-a7ea-37bd8a8132e1,2026-03-04T15:05:55.626Z,ACCESS_GRANTED,user_3ARTYUOWpud71cTQ6BsXUqbx2gw,INSTITUTION,CredentialDocument,87d1151e-c80f-4515-883f-898aa8fecf8b,,,0,10,11,0,0,0,0,0,1,0,0,0,0.8364475,1,15,3,new_actor_high_velocity_5m,weak_seed,,0
1922ca96-2784-43fa-ac01-f354e1718f36,2026-03-04T15:05:55.690Z,ACCESS_GRANTED,user_3ARTYUOWpud71cTQ6BsXUqbx2gw,INSTITUTION,CredentialDocument,87d1151e-c80f-4515-883f-898aa8fecf8b,,,1,11,12,0,0,0,0,0,1,0,0,0,0.8364652777777778,1,15,3,new_actor_high_velocity_5m,weak_seed,,0
ee1ea3d6-7390-4171-b2ef-a98f9622263f,2026-03-04T15:05:58.223Z,ACCESS_GRANTED,user_3ARTYUOWpud71cTQ6BsXUqbx2gw,INSTITUTION,CredentialDocument,87d1151e-c80f-4515-883f-898aa8fecf8b,,,2,12,13,0,0,0,0,0,1,0,0,0,0.8371688888888889,1,15,3,new_actor_high_velocity_5m,weak_seed,,0
9d7a84d9-4f70-41c6-98de-bce964d1ce06,2026-03-04T15:05:58.478Z,ACCESS_GRANTED,user_3ARTYUOWpud71cTQ6BsXUqbx2gw,INSTITUTION,CredentialDocument,87d1151e-c80f-4515-883f-898aa8fecf8b,,,3,13,14,0,0,0,0,0,1,0,0,0,0.8372397222222222,1,15,3,new_actor_high_velocity_5m,weak_seed,,0
29a0c2ab-832f-4046-b23a-9f94c8958e54,2026-03-04T15:06:00.930Z,ACCESS_GRANTED,user_3ARTYUOWpud71cTQ6BsXUqbx2gw,INSTITUTION,CredentialDocument,87d1151e-c80f-4515-883f-898aa8fecf8b,,,4,14,15,0,0,0,0,0,1,0,0,0,0.8379208333333333,1,15,3,new_actor_high_velocity_5m,weak_seed,,0
8074780f-5943-4325-95e8-b80305c746b4,2026-03-04T15:06:00.948Z,ACCESS_GRANTED,user_3ARTYUOWpud71cTQ6BsXUqbx2gw,INSTITUTION,CredentialDocument,87d1151e-c80f-4515-883f-898aa8fecf8b,,,5,15,16,0,0,0,0,0,1,0,0,0,0.8379258333333334,1,15,3,new_actor_high_velocity_5m,weak_seed,,0
0b6b5210-d8aa-449a-afe8-d11f2c61dec7,2026-03-04T15:06:03.499Z,ACCESS_GRANTED,user_3ARTYUOWpud71cTQ6BsXUqbx2gw,INSTITUTION,CredentialDocument,87d1151e-c80f-4515-883f-898aa8fecf8b,,,6,16,17,0,0,0,0,0,1,0,0,0,0.8386344444444445,1,15,3,new_actor_high_velocity_5m,weak_seed,,0
97af2e4d-f0c4-4b54-aa65-9f7e02ab7cd2,2026-03-04T15:06:03.759Z,ACCESS_GRANTED,user_3ARTYUOWpud71cTQ6BsXUqbx2gw,INSTITUTION,CredentialDocument,87d1151e-c80f-4515-883f-898aa8fecf8b,,,7,17,18,0,0,0,0,0,1,0,0,0,0.8387066666666667,1,15,3,new_actor_high_velocity_5m,weak_seed,,0
a954f9bf-97e1-4a3b-8d16-21ef92a90944,2026-03-04T15:08:17.404Z,REQUEST_RECEIPT_INVALID,,,CredentialRequestApprovalReceipt,,,,0,0,0,0,0,0,0,0,0,0,0,0,0,1,15,3,,weak_seed,,1
be3e15ed-b2f9-4c70-a900-4b1f306329b3,2026-03-04T15:08:31.716Z,REQUEST_RECEIPT_INVALID,,,CredentialRequestApprovalReceipt,,,,0,0,0,0,0,0,0,0,0,0,0,0,0,1,15,3,,weak_seed,,1
c0e39cee-30f6-404e-b5ad-307685d4d4c9,2026-03-04T15:09:42.784Z,ACCESS_GRANTED,user_3ARTYUOWpud71cTQ6BsXUqbx2gw,INSTITUTION,CredentialDocument,87d1151e-c80f-4515-883f-898aa8fecf8b,,,0,8,19,0,0,0,0,0,1,0,0,0,0.8995469444444445,1,15,3,new_actor_high_velocity_5m,weak_seed,,0
b1f9736a-0ba9-4c82-9519-46a796c74abe,2026-03-04T15:09:42.823Z,ACCESS_GRANTED,user_3ARTYUOWpud71cTQ6BsXUqbx2gw,INSTITUTION,CredentialDocument,87d1151e-c80f-4515-883f-898aa8fecf8b,,,1,9,20,0,0,0,0,0,1,0,0,0,0.8995577777777778,1,15,3,new_actor_high_velocity_5m,weak_seed,,0
eb08b9c8-33ad-4567-a6d6-09c1648563fb,2026-03-04T15:12:11.936Z,ACCESS_GRANTED,user_3ARTYUOWpud71cTQ6BsXUqbx2gw,INSTITUTION,CredentialDocument,87d1151e-c80f-4515-883f-898aa8fecf8b,,,0,2,21,0,0,0,0,0,1,0,0,0,0.9409780555555556,1,15,3,,weak_seed,,0
dc5e6d55-6ba8-4321-8c27-f073e762109c,2026-03-04T15:12:17.864Z,ACCESS_GRANTED,user_3ARTYUOWpud71cTQ6BsXUqbx2gw,INSTITUTION,CredentialDocument,87d1151e-c80f-4515-883f-898aa8fecf8b,,,1,3,22,0,0,0,0,0,1,0,0,0,0.9426247222222223,1,15,3,,weak_seed,,0
2fa113da-eb4e-46e1-ae37-5b8230975f53,2026-03-04T15:12:21.886Z,ACCESS_GRANTED,user_3ARTYUOWpud71cTQ6BsXUqbx2gw,INSTITUTION,CredentialDocument,87d1151e-c80f-4515-883f-898aa8fecf8b,,,2,4,23,0,0,0,0,0,1,0,0,0,0.9437419444444445,1,15,3,,weak_seed,,0
9bad8ae3-2d3f-419f-9121-1d578b9ba4a5,2026-03-04T15:12:22.218Z,ACCESS_GRANTED,user_3ARTYUOWpud71cTQ6BsXUqbx2gw,INSTITUTION,CredentialDocument,87d1151e-c80f-4515-883f-898aa8fecf8b,,,3,5,24,0,0,0,0,0,1,0,0,0,0.9438341666666666,1,15,3,,weak_seed,,0
17e374ba-5767-4401-b0da-b322a7714f97,2026-03-04T15:12:24.919Z,ACCESS_GRANTED,user_3ARTYUOWpud71cTQ6BsXUqbx2gw,INSTITUTION,CredentialDocument,87d1151e-c80f-4515-883f-898aa8fecf8b,,,4,6,25,0,0,0,0,0,1,0,0,0,0.9445844444444444,1,15,3,new_actor_high_velocity_5m,weak_seed,,0
682af6db-e281-4f4a-9250-a38939c0dd80,2026-03-04T15:12:24.934Z,ACCESS_GRANTED,user_3ARTYUOWpud71cTQ6BsXUqbx2gw,INSTITUTION,CredentialDocument,87d1151e-c80f-4515-883f-898aa8fecf8b,,,5,7,26,0,0,0,0,0,1,0,0,0,0.9445886111111111,1,15,3,new_actor_high_velocity_5m,weak_seed,,0
d90181f5-d21d-4f17-a402-fc3f39241a2b,2026-03-04T15:12:27.376Z,ACCESS_GRANTED,user_3ARTYUOWpud71cTQ6BsXUqbx2gw,INSTITUTION,CredentialDocument,87d1151e-c80f-4515-883f-898aa8fecf8b,,,6,8,27,0,0,0,0,0,1,0,0,0,0.9452669444444445,1,15,3,new_actor_high_velocity_5m,weak_seed,,0
4245f0bf-e880-4692-b987-c398592f00f6,2026-03-04T15:12:27.578Z,ACCESS_GRANTED,user_3ARTYUOWpud71cTQ6BsXUqbx2gw,INSTITUTION,CredentialDocument,87d1151e-c80f-4515-883f-898aa8fecf8b,,,7,9,28,0,0,0,0,0,1,0,0,0,0.9453230555555555,1,15,3,new_actor_high_velocity_5m,weak_seed,,0
074f881b-0ef8-40a2-b08c-570f3d1e63c0,2026-03-04T15:13:25.064Z,ACCESS_GRANTED,user_3ARTYUOWpud71cTQ6BsXUqbx2gw,INSTITUTION,CredentialDocument,87d1151e-c80f-4515-883f-898aa8fecf8b,,,2,10,28,0,0,0,0,0,1,0,0,0,0.9612913888888889,1,15,3,new_actor_high_velocity_5m,weak_seed,,0
484b2e69-c63e-430a-b65b-ff7dcbc485c9,2026-03-04T15:13:54.099Z,ACCESS_GRANTED,user_3ARTYUOWpud71cTQ6BsXUqbx2gw,INSTITUTION,CredentialDocument,87d1151e-c80f-4515-883f-898aa8fecf8b,,,1,11,29,0,0,0,0,0,1,0,0,0,0.9693566666666666,1,15,3,new_actor_high_velocity_5m,weak_seed,,0
e1b827a3-c028-4b46-86db-7926f6ff2c7f,2026-03-04T15:13:54.483Z,ACCESS_GRANTED,user_3ARTYUOWpud71cTQ6BsXUqbx2gw,INSTITUTION,CredentialDocument,87d1151e-c80f-4515-883f-898aa8fecf8b,,,2,12,30,0,0,0,0,0,1,0,0,0,0.9694633333333333,1,15,3,new_actor_high_velocity_5m,weak_seed,,0
a931d92c-2af0-4592-a09e-f968fa9bffe0,2026-03-04T15:13:59.310Z,ACCESS_GRANTED,user_3ARTYUOWpud71cTQ6BsXUqbx2gw,INSTITUTION,CredentialDocument,87d1151e-c80f-4515-883f-898aa8fecf8b,,,3,13,31,0,0,0,0,0,1,0,0,0,0.9708041666666667,1,15,3,new_actor_high_velocity_5m,weak_seed,,0
37d18f33-f9b9-4c7d-bff0-a6fba0c8c48c,2026-03-04T15:13:59.325Z,ACCESS_GRANTED,user_3ARTYUOWpud71cTQ6BsXUqbx2gw,INSTITUTION,CredentialDocument,87d1151e-c80f-4515-883f-898aa8fecf8b,,,4,14,32,0,0,0,0,0,1,0,0,0,0.9708083333333334,1,15,3,new_actor_high_velocity_5m,weak_seed,,0
719d4a56-ab75-429c-9629-01fd4ffb73da,2026-03-04T15:26:34.369Z,ACCESS_GRANTED,user_3ARTYUOWpud71cTQ6BsXUqbx2gw,INSTITUTION,CredentialDocument,87d1151e-c80f-4515-883f-898aa8fecf8b,,,0,0,13,0,0,0,0,0,1,0,0,0,1.1805427777777777,0,15,3,,weak_seed,,0
656c4237-2d0b-46bd-8e43-8455c7a228dc,2026-03-04T15:26:36.129Z,ACCESS_GRANTED,user_3ARTYUOWpud71cTQ6BsXUqbx2gw,INSTITUTION,CredentialDocument,87d1151e-c80f-4515-883f-898aa8fecf8b,,,1,1,14,0,0,0,0,0,1,0,0,0,1.1810316666666667,0,15,3,,weak_seed,,0
609aa103-ceb6-4bcb-aa20-18e6506f140a,2026-03-04T15:26:36.455Z,ACCESS_GRANTED,user_3ARTYUOWpud71cTQ6BsXUqbx2gw,INSTITUTION,CredentialDocument,87d1151e-c80f-4515-883f-898aa8fecf8b,,,2,2,15,0,0,0,0,0,1,0,0,0,1.1811222222222222,0,15,3,,weak_seed,,0
38aa414e-cd8a-4c34-ba65-de7376b6612a,2026-03-04T15:26:38.092Z,ACCESS_GRANTED,user_3ARTYUOWpud71cTQ6BsXUqbx2gw,INSTITUTION,CredentialDocument,87d1151e-c80f-4515-883f-898aa8fecf8b,,,3,3,16,0,0,0,0,0,1,0,0,0,1.1815769444444444,0,15,3,,weak_seed,,0
b3ae39e2-e9d9-42ce-ae3a-8a970f041a97,2026-03-04T15:26:38.434Z,ACCESS_GRANTED,user_3ARTYUOWpud71cTQ6BsXUqbx2gw,INSTITUTION,CredentialDocument,87d1151e-c80f-4515-883f-898aa8fecf8b,,,4,4,17,0,0,0,0,0,1,0,0,0,1.1816719444444443,0,15,3,,weak_seed,,0
1d6c68e7-a4f7-429b-aca9-6cd1f6308b5a,2026-03-04T15:27:03.980Z,ACCESS_GRANTED,user_3ARTYUOWpud71cTQ6BsXUqbx2gw,INSTITUTION,CredentialDocument,87d1151e-c80f-4515-883f-898aa8fecf8b,,,5,5,18,0,0,0,0,0,1,0,0,0,1.1887680555555555,0,15,3,,weak_seed,,0
fa6e2004-8c06-4cd1-b46b-47aa0959b60e,2026-03-04T15:27:04.089Z,ACCESS_GRANTED,user_3ARTYUOWpud71cTQ6BsXUqbx2gw,INSTITUTION,CredentialDocument,87d1151e-c80f-4515-883f-898aa8fecf8b,,,6,6,19,0,0,0,0,0,1,0,0,0,1.1887983333333334,0,15,3,,weak_seed,,0
93e97470-2e0d-4a18-8410-2765bd4906a6,2026-03-04T15:27:06.164Z,ACCESS_GRANTED,user_3ARTYUOWpud71cTQ6BsXUqbx2gw,INSTITUTION,CredentialDocument,87d1151e-c80f-4515-883f-898aa8fecf8b,,,7,7,20,0,0,0,0,0,1,0,0,0,1.1893747222222222,0,15,3,,weak_seed,,0
ac3e791b-cc0f-4a2d-8177-e5ed5ea6644a,2026-03-04T15:27:06.490Z,ACCESS_GRANTED,user_3ARTYUOWpud71cTQ6BsXUqbx2gw,INSTITUTION,CredentialDocument,87d1151e-c80f-4515-883f-898aa8fecf8b,,,8,8,21,0,0,0,0,0,1,0,0,0,1.1894652777777779,0,15,3,high_velocity_1m,weak_seed,,0
87cc301a-87f7-44d2-ab66-4779db7d2471,2026-03-04T15:28:17.320Z,ACCESS_GRANTED,user_3ARTYUOWpud71cTQ6BsXUqbx2gw,INSTITUTION,CredentialDocument,87d1151e-c80f-4515-883f-898aa8fecf8b,,,0,9,14,0,0,0,0,0,1,0,0,0,1.2091402777777778,0,15,3,,weak_seed,,0
384db20f-d12c-4556-94cb-254134fb29a9,2026-03-04T15:28:17.390Z,ACCESS_GRANTED,user_3ARTYUOWpud71cTQ6BsXUqbx2gw,INSTITUTION,CredentialDocument,87d1151e-c80f-4515-883f-898aa8fecf8b,,,1,10,15,0,0,0,0,0,1,0,0,0,1.2091597222222221,0,15,3,,weak_seed,,0
9366fc8b-1e17-4dc6-8d35-9543555c5b89,2026-03-04T15:28:19.866Z,ACCESS_GRANTED,user_3ARTYUOWpud71cTQ6BsXUqbx2gw,INSTITUTION,CredentialDocument,87d1151e-c80f-4515-883f-898aa8fecf8b,,,2,11,16,0,0,0,0,0,1,0,0,0,1.2098475,0,15,3,,weak_seed,,0
9202cb03-9ba0-4e0d-8711-4aa7e2acba10,2026-03-04T15:28:20.093Z,ACCESS_GRANTED,user_3ARTYUOWpud71cTQ6BsXUqbx2gw,INSTITUTION,CredentialDocument,87d1151e-c80f-4515-883f-898aa8fecf8b,,,3,12,17,0,0,0,0,0,1,0,0,0,1.2099105555555556,0,15,3,,weak_seed,,0
afa6ca28-d921-47bc-be26-bf034065ffa2,2026-03-04T15:28:22.473Z,ACCESS_GRANTED,user_3ARTYUOWpud71cTQ6BsXUqbx2gw,INSTITUTION,CredentialDocument,87d1151e-c80f-4515-883f-898aa8fecf8b,,,4,13,18,0,0,0,0,0,1,0,0,0,1.2105716666666666,0,15,3,,weak_seed,,0
53a7d676-fc6d-44cb-970a-867655edd127,2026-03-04T15:28:22.497Z,ACCESS_GRANTED,user_3ARTYUOWpud71cTQ6BsXUqbx2gw,INSTITUTION,CredentialDocument,87d1151e-c80f-4515-883f-898aa8fecf8b,,,5,14,19,0,0,0,0,0,1,0,0,0,1.2105783333333333,0,15,3,,weak_seed,,0
0a9eb305-95c3-449f-a60e-8cb1e6190d7c,2026-03-04T15:29:26.192Z,ACCESS_GRANTED,user_3ARUCOW5gGenxgJXVjwpU7LanPc,STUDENT,CredentialDocument,87d1151e-c80f-4515-883f-898aa8fecf8b,,,0,0,0,0,0,0,0,0,0,0,0,0,1.2356927777777778,0,15,3,,weak_seed,,0
df25f292-24fc-48af-bdba-56183a3ee882,2026-03-04T15:29:26.476Z,ACCESS_GRANTED,user_3ARUCOW5gGenxgJXVjwpU7LanPc,STUDENT,CredentialDocument,87d1151e-c80f-4515-883f-898aa8fecf8b,,,1,1,1,0,0,0,0,0,1,0,0,0,1.2357716666666667,0,15,3,,weak_seed,,0
b3a3f95a-e904-46af-a72c-225807ebb3cc,2026-03-04T15:29:28.529Z,ACCESS_GRANTED,user_3ARUCOW5gGenxgJXVjwpU7LanPc,STUDENT,CredentialDocument,87d1151e-c80f-4515-883f-898aa8fecf8b,,,2,2,2,0,0,0,0,0,1,0,0,0,1.2363419444444443,0,15,3,,weak_seed,,0
668b094b-35f0-4efb-b60b-147d965f29cb,2026-03-04T15:29:28.849Z,ACCESS_GRANTED,user_3ARUCOW5gGenxgJXVjwpU7LanPc,STUDENT,CredentialDocument,87d1151e-c80f-4515-883f-898aa8fecf8b,,,3,3,3,0,0,0,0,0,1,0,0,0,1.2364308333333334,0,15,3,,weak_seed,,0
afbbac6e-6c28-43a2-a7ac-054d8c631f76,2026-03-04T15:29:30.823Z,ACCESS_GRANTED,user_3ARUCOW5gGenxgJXVjwpU7LanPc,STUDENT,CredentialDocument,87d1151e-c80f-4515-883f-898aa8fecf8b,,,4,4,4,0,0,0,0,0,1,0,0,0,1.2369791666666667,0,15,3,,weak_seed,,0
b04707c5-2752-4573-883e-86583f098d76,2026-03-04T15:29:31.145Z,ACCESS_GRANTED,user_3ARUCOW5gGenxgJXVjwpU7LanPc,STUDENT,CredentialDocument,87d1151e-c80f-4515-883f-898aa8fecf8b,,,5,5,5,0,0,0,0,0,1,0,0,0,1.237068611111111,0,15,3,,weak_seed,,0
c77aa4d0-626c-4dcb-824f-6e8cd5a89981,2026-03-04T15:29:32.932Z,ACCESS_GRANTED,user_3ARUCOW5gGenxgJXVjwpU7LanPc,STUDENT,CredentialDocument,87d1151e-c80f-4515-883f-898aa8fecf8b,,,6,6,6,0,0,0,0,0,1,0,0,0,1.237565,0,15,3,,weak_seed,,0
c05f28fd-72ce-4c2d-8788-14599d19639b,2026-03-04T15:29:33.237Z,ACCESS_GRANTED,user_3ARUCOW5gGenxgJXVjwpU7LanPc,STUDENT,CredentialDocument,87d1151e-c80f-4515-883f-898aa8fecf8b,,,7,7,7,0,0,0,0,0,1,0,0,0,1.2376497222222222,0,15,3,,weak_seed,,0
e612b9fe-7172-4299-838e-57db91d169db,2026-03-04T15:30:01.050Z,CREDENTIAL_REQUESTED,user_3ARUCOW5gGenxgJXVjwpU7LanPc,STUDENT,CredentialRequest,95039165-bcc3-458f-abfc-e6c39b02ea6c,,,8,8,8,0,0,0,0,0,1,0,0,0,1.2453755555555555,0,15,3,high_velocity_1m,weak_seed,,0
1baafc19-29bc-4e04-819f-dfff36d6d987,2026-03-04T15:30:57.410Z,REQUEST_RECEIPT_GENERATED,user_3ARTYUOWpud71cTQ6BsXUqbx2gw,INSTITUTION,CredentialRequest,95039165-bcc3-458f-abfc-e6c39b02ea6c,,,0,15,15,0,0,0,0,0,1,0,0,0,1.2536097222222222,0,15,3,,weak_seed,,0
b32aecc4-d832-464f-b728-bee7187bdeb6,2026-03-04T15:30:57.416Z,CREDENTIAL_REQUEST_APPROVED,user_3ARTYUOWpud71cTQ6BsXUqbx2gw,INSTITUTION,CredentialRequest,95039165-bcc3-458f-abfc-e6c39b02ea6c,,,1,16,16,0,0,0,0,0,2,0,0,0,1.253611388888889,0,15,3,,weak_seed,,0
4c251417-543a-4aad-94dc-e2f97c904e69,2026-03-04T15:31:24.210Z,ACCESS_GRANTED,user_3ARTYUOWpud71cTQ6BsXUqbx2gw,INSTITUTION,CredentialDocument,87d1151e-c80f-4515-883f-898aa8fecf8b,,,2,17,17,0,0,0,0,0,2,0,0,0,1.2610541666666666,0,15,3,,weak_seed,,0
f9fc7bbe-4885-42fe-aced-4d55e5220b1b,2026-03-04T15:31:26.031Z,ACCESS_GRANTED,user_3ARTYUOWpud71cTQ6BsXUqbx2gw,INSTITUTION,CredentialDocument,87d1151e-c80f-4515-883f-898aa8fecf8b,,,3,18,18,0,0,0,0,0,2,0,0,0,1.26156,0,15,3,,weak_seed,,0
b4e6d88a-da48-475e-9547-cc3fc3008057,2026-03-04T15:31:26.356Z,ACCESS_GRANTED,user_3ARTYUOWpud71cTQ6BsXUqbx2gw,INSTITUTION,CredentialDocument,87d1151e-c80f-4515-883f-898aa8fecf8b,,,4,19,19,0,0,0,0,0,2,0,0,0,1.2616502777777778,0,15,3,,weak_seed,,0
1ee65c54-7896-4cf3-bda7-a09a303c4e34,2026-03-04T15:41:24.076Z,ACCESS_GRANTED,user_3ARUCOW5gGenxgJXVjwpU7LanPc,STUDENT,CredentialDocument,87d1151e-c80f-4515-883f-898aa8fecf8b,,,0,0,9,0,0,0,0,0,2,0,0,0,1.435105,0,15,3,,weak_seed,,0
1a13f25f-d4a2-4a44-8a07-044ce182da0c,2026-03-04T15:41:24.379Z,ACCESS_GRANTED,user_3ARUCOW5gGenxgJXVjwpU7LanPc,STUDENT,CredentialDocument,87d1151e-c80f-4515-883f-898aa8fecf8b,,,1,1,10,0,0,0,0,0,2,0,0,0,1.4351891666666667,0,15,3,,weak_seed,,0
a407cb63-c99f-43df-922e-c5564aec3a6b,2026-03-04T15:53:30.037Z,ACCESS_GRANTED,user_3ARUCOW5gGenxgJXVjwpU7LanPc,STUDENT,CredentialDocument,87d1151e-c80f-4515-883f-898aa8fecf8b,,,0,0,2,0,0,0,0,0,1,0,0,0,1.6367608333333334,0,15,3,,weak_seed,,0
6885c99b-5ada-45ed-9887-6a2ab9bb0cc1,2026-03-04T15:53:30.066Z,ACCESS_GRANTED,user_3ARUCOW5gGenxgJXVjwpU7LanPc,STUDENT,CredentialDocument,87d1151e-c80f-4515-883f-898aa8fecf8b,,,1,1,3,0,0,0,0,0,1,0,0,0,1.636768888888889,0,15,3,,weak_seed,,0
a33c4a48-a213-421f-9c09-aee724054743,2026-03-04T15:53:34.559Z,ACCESS_GRANTED,user_3ARUCOW5gGenxgJXVjwpU7LanPc,STUDENT,CredentialDocument,87d1151e-c80f-4515-883f-898aa8fecf8b,,,2,2,4,0,0,0,0,0,1,0,0,0,1.6380169444444443,0,15,3,,weak_seed,,0
2aa03e17-2b96-4c7e-8155-b16968bbb68d,2026-03-04T15:53:34.821Z,ACCESS_GRANTED,user_3ARUCOW5gGenxgJXVjwpU7LanPc,STUDENT,CredentialDocument,87d1151e-c80f-4515-883f-898aa8fecf8b,,,3,3,5,0,0,0,0,0,1,0,0,0,1.6380897222222222,0,15,3,,weak_seed,,0
f8f2051c-e6da-40af-8f4e-39ac902919d9,2026-03-04T15:53:35.105Z,ACCESS_GRANTED,user_3ARUCOW5gGenxgJXVjwpU7LanPc,STUDENT,CredentialDocument,87d1151e-c80f-4515-883f-898aa8fecf8b,,,4,4,6,0,0,0,0,0,1,0,0,0,1.6381686111111111,0,15,3,,weak_seed,,0
2fcb7478-6f47-41f8-90ce-214c8c5a31c3,2026-03-04T15:53:35.409Z,ACCESS_GRANTED,user_3ARUCOW5gGenxgJXVjwpU7LanPc,STUDENT,CredentialDocument,87d1151e-c80f-4515-883f-898aa8fecf8b,,,5,5,7,0,0,0,0,0,1,0,0,0,1.6382530555555554,0,15,3,,weak_seed,,0
72f3fe54-8d70-4764-b0b5-561bfee1a05f,2026-03-04T15:53:36.871Z,ACCESS_GRANTED,user_3ARUCOW5gGenxgJXVjwpU7LanPc,STUDENT,CredentialDocument,87d1151e-c80f-4515-883f-898aa8fecf8b,,,6,6,8,0,0,0,0,0,1,0,0,0,1.6386591666666666,0,15,3,,weak_seed,,0
8964a92f-ca10-4911-bfb0-29257ca0bf4d,2026-03-04T15:53:36.888Z,ACCESS_GRANTED,user_3ARUCOW5gGenxgJXVjwpU7LanPc,STUDENT,CredentialDocument,87d1151e-c80f-4515-883f-898aa8fecf8b,,,7,7,9,0,0,0,0,0,1,0,0,0,1.638663888888889,0,15,3,,weak_seed,,0
550c72c9-c70d-4e76-a983-c141c6cd54fa,2026-03-04T15:53:42.878Z,ACCESS_GRANTED,user_3ARUCOW5gGenxgJXVjwpU7LanPc,STUDENT,CredentialDocument,87d1151e-c80f-4515-883f-898aa8fecf8b,,,8,8,10,0,0,0,0,0,1,0,0,0,1.6403277777777778,0,15,3,high_velocity_1m,weak_seed,,0
3043538e-2bba-4cbc-9ea0-b533e48a6e2a,2026-03-04T15:53:43.189Z,ACCESS_GRANTED,user_3ARUCOW5gGenxgJXVjwpU7LanPc,STUDENT,CredentialDocument,87d1151e-c80f-4515-883f-898aa8fecf8b,,,9,9,11,0,0,0,0,0,1,0,0,0,1.6404141666666667,0,15,3,high_velocity_1m,weak_seed,,0
e698697c-cdcd-439a-86b5-7fadabbda1e3,2026-03-04T15:56:16.213Z,ACCESS_GRANTED,user_3ARTYUOWpud71cTQ6BsXUqbx2gw,INSTITUTION,CredentialDocument,87d1151e-c80f-4515-883f-898aa8fecf8b,,,0,0,0,0,0,0,0,0,0,0,0,0,1.6754994444444444,0,15,3,,weak_seed,,0
c18fb5f3-0903-4dfb-9f3d-6f2c6ca52a9a,2026-03-04T15:56:19.775Z,ACCESS_GRANTED,user_3ARTYUOWpud71cTQ6BsXUqbx2gw,INSTITUTION,CredentialDocument,87d1151e-c80f-4515-883f-898aa8fecf8b,,,1,1,1,0,0,0,0,0,1,0,0,0,1.676488888888889,0,15,3,,weak_seed,,0
ff73a94c-686e-4d83-aba2-bbf6f3e4823e,2026-03-04T15:56:20.142Z,ACCESS_GRANTED,user_3ARTYUOWpud71cTQ6BsXUqbx2gw,INSTITUTION,CredentialDocument,87d1151e-c80f-4515-883f-898aa8fecf8b,,,2,2,2,0,0,0,0,0,1,0,0,0,1.6765908333333333,0,15,3,,weak_seed,,0
50dff208-75a1-4042-8aff-4f85245f76a1,2026-03-04T15:56:23.291Z,ACCESS_GRANTED,user_3ARTYUOWpud71cTQ6BsXUqbx2gw,INSTITUTION,CredentialDocument,87d1151e-c80f-4515-883f-898aa8fecf8b,,,3,3,3,0,0,0,0,0,1,0,0,0,1.6774655555555555,0,15,3,,weak_seed,,0
86e8f9c4-5599-45db-8c86-30bf3757a389,2026-03-04T15:56:23.312Z,ACCESS_GRANTED,user_3ARTYUOWpud71cTQ6BsXUqbx2gw,INSTITUTION,CredentialDocument,87d1151e-c80f-4515-883f-898aa8fecf8b,,,4,4,4,0,0,0,0,0,1,0,0,0,1.6774713888888888,0,15,3,,weak_seed,,0
3ff6d300-9551-4676-b142-54811fb85f56,2026-03-04T15:56:25.915Z,ACCESS_GRANTED,user_3ARTYUOWpud71cTQ6BsXUqbx2gw,INSTITUTION,CredentialDocument,87d1151e-c80f-4515-883f-898aa8fecf8b,,,5,5,5,0,0,0,0,0,1,0,0,0,1.6781944444444445,0,15,3,,weak_seed,,0
8f1e6483-7a98-4415-acab-e5e61842ffbf,2026-03-04T15:56:26.255Z,ACCESS_GRANTED,user_3ARTYUOWpud71cTQ6BsXUqbx2gw,INSTITUTION,CredentialDocument,87d1151e-c80f-4515-883f-898aa8fecf8b,,,6,6,6,0,0,0,0,0,1,0,0,0,1.678288888888889,0,15,3,,weak_seed,,0
1f6a544c-dc6a-4fa4-9835-254fd86adb7b,2026-03-04T16:01:00.246Z,ACCESS_GRANTED,user_3ARTYUOWpud71cTQ6BsXUqbx2gw,INSTITUTION,CredentialDocument,87d1151e-c80f-4515-883f-898aa8fecf8b,,,0,7,7,0,0,0,0,0,1,0,0,0,1.7543975,0,16,3,,weak_seed,,0
502db064-d901-4483-8643-7d2f95dac662,2026-03-04T16:02:35.366Z,ACCESS_GRANTED,user_3ARTYUOWpud71cTQ6BsXUqbx2gw,INSTITUTION,CredentialDocument,87d1151e-c80f-4515-883f-898aa8fecf8b,,,0,1,8,0,0,0,0,0,1,0,0,0,1.7808197222222222,0,16,3,,weak_seed,,0
215da777-2783-4382-835b-6d661b14ad4a,2026-03-04T16:02:35.485Z,ACCESS_GRANTED,user_3ARTYUOWpud71cTQ6BsXUqbx2gw,INSTITUTION,CredentialDocument,87d1151e-c80f-4515-883f-898aa8fecf8b,,,1,2,9,0,0,0,0,0,1,0,0,0,1.7808527777777778,0,16,3,,weak_seed,,0
18664796-109e-4d34-ad01-1789c2fb4bc9,2026-03-04T16:03:16.050Z,ACCESS_GRANTED,user_3ARUCOW5gGenxgJXVjwpU7LanPc,STUDENT,CredentialDocument,87d1151e-c80f-4515-883f-898aa8fecf8b,,,0,0,10,0,0,0,0,0,1,0,0,0,1.7995422222222222,0,16,3,,weak_seed,,0
9197ead5-0530-4d2b-86ee-fc52fa1ff446,2026-03-04T16:03:16.085Z,ACCESS_GRANTED,user_3ARUCOW5gGenxgJXVjwpU7LanPc,STUDENT,CredentialDocument,87d1151e-c80f-4515-883f-898aa8fecf8b,,,1,1,11,0,0,0,0,0,1,0,0,0,1.7995519444444446,0,16,3,,weak_seed,,0
d55e6f15-7edf-4645-8280-25ff2ad2d06b,2026-03-04T16:03:18.491Z,ACCESS_GRANTED,user_3ARUCOW5gGenxgJXVjwpU7LanPc,STUDENT,CredentialDocument,87d1151e-c80f-4515-883f-898aa8fecf8b,,,2,2,12,0,0,0,0,0,1,0,0,0,1.8002202777777778,0,16,3,,weak_seed,,0
9ab4cd84-6576-40d7-8d51-cab88f23299e,2026-03-04T16:03:18.595Z,ACCESS_GRANTED,user_3ARUCOW5gGenxgJXVjwpU7LanPc,STUDENT,CredentialDocument,87d1151e-c80f-4515-883f-898aa8fecf8b,,,3,3,13,0,0,0,0,0,1,0,0,0,1.8002491666666667,0,16,3,,weak_seed,,0
e7b33945-4148-40e3-8508-9d7d38c5784c,2026-03-04T16:03:19.446Z,ACCESS_GRANTED,user_3ARUCOW5gGenxgJXVjwpU7LanPc,STUDENT,CredentialDocument,87d1151e-c80f-4515-883f-898aa8fecf8b,,,4,4,14,0,0,0,0,0,1,0,0,0,1.8004855555555555,0,16,3,,weak_seed,,0
da02a503-1425-4cdf-8362-decbdd04a753,2026-03-04T16:03:19.784Z,ACCESS_GRANTED,user_3ARUCOW5gGenxgJXVjwpU7LanPc,STUDENT,CredentialDocument,87d1151e-c80f-4515-883f-898aa8fecf8b,,,5,5,15,0,0,0,0,0,1,0,0,0,1.8005794444444445,0,16,3,,weak_seed,,0
309bed70-e5c2-4c02-9c2c-dd6e09b76e43,2026-03-04T16:04:33.307Z,REQUEST_RECEIPT_GENERATED,user_3ARUCOW5gGenxgJXVjwpU7LanPc,STUDENT,CredentialRequest,95039165-bcc3-458f-abfc-e6c39b02ea6c,,,0,6,16,0,0,0,0,0,1,0,0,0,1.8210025,0,16,3,,weak_seed,,0
e76a9715-b084-413c-8ca7-d900857f7616,2026-03-04T16:04:37.228Z,REQUEST_RECEIPT_GENERATED,user_3ARUCOW5gGenxgJXVjwpU7LanPc,STUDENT,CredentialRequest,95039165-bcc3-458f-abfc-e6c39b02ea6c,,,1,7,17,0,0,0,0,0,2,0,0,0,1.8220916666666667,0,16,3,,weak_seed,,0
2f1f964f-48b8-4269-91d0-84022b5727a4,2026-03-04T16:04:47.415Z,REQUEST_RECEIPT_GENERATED,user_3ARUCOW5gGenxgJXVjwpU7LanPc,STUDENT,CredentialRequest,95039165-bcc3-458f-abfc-e6c39b02ea6c,,,2,8,18,0,0,0,0,0,2,0,0,0,1.8249213888888889,0,16,3,,weak_seed,,0
3221ad65-d122-4f00-b958-af2dd448c978,2026-03-04T16:04:55.910Z,REQUEST_RECEIPT_GENERATED,user_3ARUCOW5gGenxgJXVjwpU7LanPc,STUDENT,CredentialRequest,95039165-bcc3-458f-abfc-e6c39b02ea6c,,,3,9,19,0,0,0,0,0,2,0,0,0,1.8272811111111111,0,16,3,,weak_seed,,0
4858b0ac-bb17-4554-8570-cb0846b66b71,2026-03-04T16:05:45.012Z,REQUEST_RECEIPT_GENERATED,user_3ARUCOW5gGenxgJXVjwpU7LanPc,STUDENT,CredentialRequest,95039165-bcc3-458f-abfc-e6c39b02ea6c,,,2,10,20,0,0,0,0,0,2,0,0,0,1.8409205555555554,0,16,3,,weak_seed,,0
bbcdbade-2a3a-4995-bdb6-656230610fe0,2026-03-04T16:07:00.581Z,ACCESS_GRANTED,user_3ARUCOW5gGenxgJXVjwpU7LanPc,STUDENT,CredentialDocument,87d1151e-c80f-4515-883f-898aa8fecf8b,,,0,11,21,0,0,0,0,0,2,0,0,0,1.8619119444444445,0,16,3,,weak_seed,,0
cc945339-b348-4ae4-abc5-7fa809800a05,2026-03-04T16:07:00.614Z,ACCESS_GRANTED,user_3ARUCOW5gGenxgJXVjwpU7LanPc,STUDENT,CredentialDocument,87d1151e-c80f-4515-883f-898aa8fecf8b,,,1,12,22,0,0,0,0,0,2,0,0,0,1.8619211111111111,0,16,3,,weak_seed,,0
98a81458-9b44-4984-a62a-2bd16ea80180,2026-03-04T16:07:00.629Z,ACCESS_GRANTED,user_3ARUCOW5gGenxgJXVjwpU7LanPc,STUDENT,CredentialDocument,87d1151e-c80f-4515-883f-898aa8fecf8b,,,2,13,23,0,0,0,0,0,2,0,0,0,1.8619252777777777,0,16,3,,weak_seed,,0
c3f3beef-e4f6-450b-88aa-c8ae0f3e523a,2026-03-04T16:07:00.954Z,ACCESS_GRANTED,user_3ARUCOW5gGenxgJXVjwpU7LanPc,STUDENT,CredentialDocument,87d1151e-c80f-4515-883f-898aa8fecf8b,,,3,14,24,0,0,0,0,0,2,0,0,0,1.8620155555555555,0,16,3,,weak_seed,,0
6e4ee1fa-18ee-48a0-8305-007825596122,2026-03-04T16:07:01.554Z,ACCESS_GRANTED,user_3ARUCOW5gGenxgJXVjwpU7LanPc,STUDENT,CredentialDocument,87d1151e-c80f-4515-883f-898aa8fecf8b,,,4,15,25,0,0,0,0,0,2,0,0,0,1.8621822222222222,0,16,3,,weak_seed,,0
7746a219-a2fd-4b72-b3fc-44665ba16917,2026-03-04T16:07:01.907Z,ACCESS_GRANTED,user_3ARUCOW5gGenxgJXVjwpU7LanPc,STUDENT,CredentialDocument,87d1151e-c80f-4515-883f-898aa8fecf8b,,,5,16,26,0,0,0,0,0,2,0,0,0,1.8622802777777778,0,16,3,,weak_seed,,0
97171abe-c979-4d83-b260-f4a694b29e58,2026-03-04T16:07:04.757Z,REQUEST_RECEIPT_GENERATED,user_3ARUCOW5gGenxgJXVjwpU7LanPc,STUDENT,CredentialRequest,95039165-bcc3-458f-abfc-e6c39b02ea6c,,,6,17,27,0,0,0,0,0,2,0,0,0,1.8630719444444443,0,16,3,,weak_seed,,0
7a44bbc6-1d47-4dfc-9c98-af5f38bf49ff,2026-03-04T16:11:04.080Z,ACCESS_GRANTED,user_3ARTYUOWpud71cTQ6BsXUqbx2gw,INSTITUTION,CredentialDocument,87d1151e-c80f-4515-883f-898aa8fecf8b,,,0,0,10,0,0,0,0,0,1,0,0,0,1.9221291666666667,0,16,3,,weak_seed,,0
59dfd8bb-8b77-4d54-aa6d-22ef48127bf8,2026-03-04T16:19:34.554Z,ACCESS_GRANTED,user_3ARUCOW5gGenxgJXVjwpU7LanPc,STUDENT,CredentialDocument,87d1151e-c80f-4515-883f-898aa8fecf8b,,,0,0,11,0,0,0,0,0,2,0,0,0,2.0713488888888887,0,16,3,,weak_seed,,0
56bacbdb-761e-40e0-a8e6-42f2cfccc905,2026-03-04T16:19:34.590Z,ACCESS_GRANTED,user_3ARUCOW5gGenxgJXVjwpU7LanPc,STUDENT,CredentialDocument,87d1151e-c80f-4515-883f-898aa8fecf8b,,,1,1,12,0,0,0,0,0,2,0,0,0,2.0713588888888887,0,16,3,,weak_seed,,0
2ad6e820-c6ca-4d5b-af17-cc94aee2bd7e,2026-03-04T16:20:01.040Z,ACCESS_GRANTED,user_3ARTYUOWpud71cTQ6BsXUqbx2gw,INSTITUTION,CredentialDocument,87d1151e-c80f-4515-883f-898aa8fecf8b,,,0,0,1,0,0,0,0,0,1,0,0,0,2.0712847222222224,0,16,3,,weak_seed,,0
afb20ac7-0b15-475b-a5c4-f169fcbfd68f,2026-03-04T16:20:13.993Z,ACCESS_GRANTED,user_3ARTYUOWpud71cTQ6BsXUqbx2gw,INSTITUTION,CredentialDocument,87d1151e-c80f-4515-883f-898aa8fecf8b,,,1,1,2,0,0,0,0,0,1,0,0,0,2.074882777777778,0,16,3,,weak_seed,,0
714f567d-296c-4698-87a1-723ff8b71bef,2026-03-04T16:20:14.149Z,ACCESS_GRANTED,user_3ARTYUOWpud71cTQ6BsXUqbx2gw,INSTITUTION,CredentialDocument,87d1151e-c80f-4515-883f-898aa8fecf8b,,,2,2,3,0,0,0,0,0,1,0,0,0,2.074926111111111,0,16,3,,weak_seed,,0
8c59b5e1-9ee4-4956-826e-6b9b4845c8bf,2026-03-04T16:46:34.099Z,SECURITY_ALERT,user_3ARTYUOWpud71cTQ6BsXUqbx2gw,INSTITUTION,StepUpChallenge,97dc24f0-5fda-47e9-90c5-1a06ce5584d1,,93401fdcc71d100f5c3287527d5340f8ea62e2408e53b9dd34b8ec7ca229fb7f,0,0,0,0,0,0,0,0,0,1,0,0,2.513801111111111,0,16,3,,weak_seed,,1
812089be-38ab-4bf4-88a5-cbb393c67d68,2026-03-04T16:49:10.983Z,ACCESS_GRANTED,user_3ARTYUOWpud71cTQ6BsXUqbx2gw,INSTITUTION,StepUpChallenge,97dc24f0-5fda-47e9-90c5-1a06ce5584d1,,93401fdcc71d100f5c3287527d5340f8ea62e2408e53b9dd34b8ec7ca229fb7f,0,1,1,1,1,0,0,1,1,1,0,0,2.55738,0,16,3,high_failure_ratio_15m,weak_seed,,0
ccb00ec6-13b0-4248-99f9-426a8e4396c7,2026-03-04T16:49:11.994Z,USER_CREATED,user_3ARTYUOWpud71cTQ6BsXUqbx2gw,INSTITUTION,User,user_3AUMygyWx3I1lPiyolMg6yw8oO9,,,1,2,2,1,0.5,0,0,1,1,1,0,0,2.5576608333333333,0,16,3,high_failure_ratio_15m,weak_seed,,0
2adba49e-eeca-4476-aaae-0229821fb780,2026-03-04T16:49:12.353Z,USER_CREATED,user_3ARTYUOWpud71cTQ6BsXUqbx2gw,INSTITUTION,User,user_3AUMyp1SlQZXxqb8Z1qaKRwZyCj,,,2,3,3,1,0.3333333333333333,0,0,1,2,1,0,0,2.5577605555555554,0,16,3,,weak_seed,,0
31b86665-f999-44e9-8305-4b41b821b89f,2026-03-04T16:49:12.682Z,USER_CREATED,user_3ARTYUOWpud71cTQ6BsXUqbx2gw,INSTITUTION,User,user_3AUMyoqAapNvEqcu1s43MMFPf9o,,,3,4,4,1,0.25,0,0,1,3,1,0,0,2.5578519444444443,0,16,3,,weak_seed,,0
ead6928b-6f3f-4e14-91a3-6187843c24d2,2026-03-04T16:49:13.018Z,USER_CREATED,user_3ARTYUOWpud71cTQ6BsXUqbx2gw,INSTITUTION,User,user_3AUMyrzGSWGRsNsGjugqIOMmxJm,,,4,5,5,1,0.2,0,0,1,4,1,0,0,2.557945277777778,0,16,3,,weak_seed,,0
e0aa2089-574f-46a0-99a3-b942a12cea7c,2026-03-04T16:49:13.348Z,USER_CREATED,user_3ARTYUOWpud71cTQ6BsXUqbx2gw,INSTITUTION,User,user_3AUMywOb5GX9TP1YB74cjByNH9q,,,5,6,6,1,0.16666666666666666,0,0,1,5,1,0,0,2.5580369444444444,0,16,3,wide_target_spread_15m,weak_seed,,0
3c940dfc-ee92-4a73-9a8b-f05b7105f429,2026-03-04T16:49:13.702Z,USER_CREATED,user_3ARTYUOWpud71cTQ6BsXUqbx2gw,INSTITUTION,User,user_3AUMyvlZX9oeItYZov0RmMWWz5z,,,6,7,7,1,0.14285714285714285,0,0,1,6,1,0,0,2.5581352777777777,0,16,3,wide_target_spread_15m,weak_seed,,0
b8344ff5-9119-4c0e-bfcb-f55c3a2fde6b,2026-03-04T16:49:14.046Z,USER_CREATED,user_3ARTYUOWpud71cTQ6BsXUqbx2gw,INSTITUTION,User,user_3AUMyxm9pOkGzpAIzRclgvfx04U,,,7,8,8,1,0.125,0,0,1,7,1,0,0,2.5582308333333335,0,16,3,wide_target_spread_15m,weak_seed,,0
7ea1cfbf-4495-48a8-9139-f5e64e2ed61c,2026-03-04T16:49:14.370Z,USER_CREATED,user_3ARTYUOWpud71cTQ6BsXUqbx2gw,INSTITUTION,User,user_3AUMz4nM82C0ywFWonZesnXLvHr,,,8,9,9,1,0.1111111111111111,0,0,1,8,1,0,0,2.558320833333333,0,16,3,high_velocity_1m|wide_target_spread_15m,weak_seed,,0
58444b3f-d0f1-4604-8275-946453dc6894,2026-03-04T16:49:14.709Z,USER_CREATED,user_3ARTYUOWpud71cTQ6BsXUqbx2gw,INSTITUTION,User,user_3AUMz377legESWbaCRBQSjY11uP,,,9,10,10,1,0.1,0,0,1,9,1,0,0,2.558415,0,16,3,high_velocity_1m|wide_target_spread_15m,weak_seed,,0
df9aad3f-64a9-4808-81d5-df1129baad35,2026-03-04T16:49:15.039Z,USER_CREATED,user_3ARTYUOWpud71cTQ6BsXUqbx2gw,INSTITUTION,User,user_3AUMz5OHyMolmAWRpY2pZ3vcRMM,,,10,11,11,1,0.09090909090909091,0,0,1,10,1,0,0,2.5585066666666667,0,16,3,high_velocity_1m|wide_target_spread_15m,weak_seed,,0
b5424be8-7b6e-41d6-bafc-6810057a774f,2026-03-04T16:49:15.399Z,USER_CREATED,user_3ARTYUOWpud71cTQ6BsXUqbx2gw,INSTITUTION,User,user_3AUMzCK4Kpf66CFz3L59VPxiqMJ,,,11,12,12,1,0.08333333333333333,0,0,1,11,1,0,0,2.5586066666666665,0,16,3,high_velocity_1m|wide_target_spread_15m,weak_seed,,0
561c4a90-eeb4-40f7-854c-1f4af870f258,2026-03-04T16:49:15.736Z,USER_CREATED,user_3ARTYUOWpud71cTQ6BsXUqbx2gw,INSTITUTION,User,user_3AUMzEGqj35BxsYG6tAkR1w3IHA,,,12,13,13,1,0.07692307692307693,0,0,1,12,1,0,0,2.5587002777777776,0,16,3,high_velocity_1m|wide_target_spread_15m,weak_seed,,0
2a5068e5-1e57-4a47-9f3a-b1f49e4453ec,2026-03-04T16:49:16.084Z,USER_CREATED,user_3ARTYUOWpud71cTQ6BsXUqbx2gw,INSTITUTION,User,user_3AUMz9GHu0gDyaqhNjjvLQ3krtU,,,13,14,14,1,0.07142857142857142,0,0,1,13,1,0,0,2.5587969444444445,0,16,3,high_velocity_1m|wide_target_spread_15m,weak_seed,,0
000c329c-2cef-4af0-aba7-732c98023c9b,2026-03-04T16:49:16.411Z,USER_CREATED,user_3ARTYUOWpud71cTQ6BsXUqbx2gw,INSTITUTION,User,user_3AUMzIDleviyobQQSb4WcLhXPCf,,,14,15,15,1,0.06666666666666667,0,0,1,14,1,0,0,2.5588877777777777,0,16,3,high_velocity_1m|wide_target_spread_15m,weak_seed,,0
8dcc204e-7dc5-45f2-b774-9d82e57063f2,2026-03-04T16:49:16.770Z,USER_CREATED,user_3ARTYUOWpud71cTQ6BsXUqbx2gw,INSTITUTION,User,user_3AUMzJSmOdlZrSh78HUUW0ezvpB,,,15,16,16,1,0.0625,0,0,1,15,1,0,0,2.5589875,0,16,3,high_velocity_1m|wide_target_spread_15m,weak_seed,,0
cc302a90-4a29-4ebf-9102-d377ac04d4a7,2026-03-04T16:49:17.385Z,USER_CREATED,user_3ARTYUOWpud71cTQ6BsXUqbx2gw,INSTITUTION,User,user_3AUMzSvEY9atktT7Lo8NnD6ZffQ,,,16,17,17,1,0.058823529411764705,0,0,1,16,1,0,0,2.5591583333333334,0,16,3,high_velocity_1m|wide_target_spread_15m,weak_seed,,0
1d1eb917-8ee7-4986-9602-53273e1d74b1,2026-03-04T16:49:17.817Z,USER_CREATED,user_3ARTYUOWpud71cTQ6BsXUqbx2gw,INSTITUTION,User,user_3AUMzQRAUlPJG0aVeARWRL29EvB,,,17,18,18,1,0.05555555555555555,0,0,1,17,1,0,0,2.5592783333333333,0,16,3,high_velocity_1m|wide_target_spread_15m,weak_seed,,0
f5812381-9979-466e-9976-78dd2f65f1f7,2026-03-04T16:49:18.198Z,USER_CREATED,user_3ARTYUOWpud71cTQ6BsXUqbx2gw,INSTITUTION,User,user_3AUMzPVbwWj4DhjXFbHHeiGXgiR,,,18,19,19,1,0.05263157894736842,0,0,1,18,1,0,0,2.559384166666667,0,16,3,high_velocity_1m|wide_target_spread_15m,weak_seed,,0
a197d2d7-ddb2-45d5-b70a-cabc7a11edc0,2026-03-04T16:49:18.612Z,USER_CREATED,user_3ARTYUOWpud71cTQ6BsXUqbx2gw,INSTITUTION,User,user_3AUMza40IALJb6yKSCZKFJ42SS3,,,19,20,20,1,0.05,0,0,1,19,1,0,0,2.559499166666667,0,16,3,high_velocity_1m|wide_target_spread_15m,weak_seed,,0
2e10beb0-5dda-4b30-b17e-a54242d933d2,2026-03-04T16:49:19.001Z,USER_CREATED,user_3ARTYUOWpud71cTQ6BsXUqbx2gw,INSTITUTION,User,user_3AUMzZ38Z5F8BhPXhHJ0mGR3T2p,,,20,21,21,1,0.047619047619047616,0,0,1,20,1,0,0,2.559607222222222,0,16,3,high_velocity_1m|wide_target_spread_15m,weak_seed,,0
354216b8-e32d-4dc6-95e2-de975709760c,2026-03-04T16:49:19.377Z,USER_CREATED,user_3ARTYUOWpud71cTQ6BsXUqbx2gw,INSTITUTION,User,user_3AUMzjZeLRHaZXW66vvB6zijBEI,,,21,22,22,1,0.045454545454545456,0,0,1,21,1,0,0,2.559711666666667,0,16,3,high_velocity_1m|wide_target_spread_15m,weak_seed,,0
64f1a161-1439-4a11-ba12-c341623893f9,2026-03-04T16:49:19.894Z,USER_CREATED,user_3ARTYUOWpud71cTQ6BsXUqbx2gw,INSTITUTION,User,user_3AUMzkmSV8d7QwIEc0nU5EOv1f8,,,22,23,23,1,0.043478260869565216,0,0,1,22,1,0,0,2.559855277777778,0,16,3,high_velocity_1m|wide_target_spread_15m,weak_seed,,0
9c38f854-f382-4bb3-819b-1b02e6501406,2026-03-04T16:49:20.313Z,USER_CREATED,user_3ARTYUOWpud71cTQ6BsXUqbx2gw,INSTITUTION,User,user_3AUMzeK2f97hFwATtwAigTvcTI4,,,23,24,24,1,0.041666666666666664,0,0,1,23,1,0,0,2.5599716666666668,0,16,3,high_velocity_1m|wide_target_spread_15m,weak_seed,,0
e8105552-35ea-491f-a4b2-1911a9a6f434,2026-03-04T16:49:20.724Z,USER_CREATED,user_3ARTYUOWpud71cTQ6BsXUqbx2gw,INSTITUTION,User,user_3AUMzmt30aL97FfAovd1yZNiRaG,,,24,25,25,1,0.04,0,0,1,24,1,0,0,2.5600858333333334,0,16,3,high_velocity_1m|wide_target_spread_15m,weak_seed,,0
8453b5c6-b311-4c19-9bc6-e27b98fe06df,2026-03-04T16:49:21.113Z,USER_CREATED,user_3ARTYUOWpud71cTQ6BsXUqbx2gw,INSTITUTION,User,user_3AUMzmbWeiscCcBMm1OtdjynAGu,,,25,26,26,1,0.038461538461538464,0,0,1,25,1,0,0,2.560193888888889,0,16,3,high_velocity_1m|wide_target_spread_15m,weak_seed,,0
5c3c650f-d0dc-4a8a-a65e-f3b280b14c8f,2026-03-04T16:49:21.503Z,USER_CREATED,user_3ARTYUOWpud71cTQ6BsXUqbx2gw,INSTITUTION,User,user_3AUMzzgMNRn0UHaM9ww6Q4s1kkT,,,26,27,27,1,0.037037037037037035,0,0,1,26,1,0,0,2.560302222222222,0,16,3,high_velocity_1m|wide_target_spread_15m,weak_seed,,0
09e9ed86-f861-4c9c-8c63-446f088abac6,2026-03-04T16:49:21.867Z,USER_CREATED,user_3ARTYUOWpud71cTQ6BsXUqbx2gw,INSTITUTION,User,user_3AUMzu5Kk9FXivpQrCyJuBOe3i2,,,27,28,28,1,0.03571428571428571,0,0,1,27,1,0,0,2.5604033333333334,0,16,3,high_velocity_1m|wide_target_spread_15m,weak_seed,,0
b2b63c4d-ea7f-4815-85bc-8b819523f3da,2026-03-04T16:49:22.294Z,USER_CREATED,user_3ARTYUOWpud71cTQ6BsXUqbx2gw,INSTITUTION,User,user_3AUN01io9WhYiGWkq46YEHkeg3E,,,28,29,29,1,0.034482758620689655,0,0,1,28,1,0,0,2.5605219444444445,0,16,3,high_velocity_1m|wide_target_spread_15m,weak_seed,,0
e8590b0c-4f26-4e4b-8015-edb201b27a02,2026-03-04T16:49:23.007Z,USER_CREATED,user_3ARTYUOWpud71cTQ6BsXUqbx2gw,INSTITUTION,User,user_3AUN04ySYvK6ElYh7wNxiDYs0Pc,,,29,30,30,1,0.03333333333333333,0,0,1,29,1,0,0,2.56072,0,16,3,high_velocity_1m|wide_target_spread_15m,weak_seed,,0
f853262d-515d-42a5-b808-0d37fd7d364f,2026-03-04T16:49:23.414Z,USER_CREATED,user_3ARTYUOWpud71cTQ6BsXUqbx2gw,INSTITUTION,User,user_3AUN090LYu3GI5fXLOiMbOoggzx,,,30,31,31,1,0.03225806451612903,0,0,1,30,1,0,0,2.5608330555555554,0,16,3,high_velocity_1m|wide_target_spread_15m,weak_seed,,0
16003589-af0c-4b1a-ab20-7f18358b24a9,2026-03-04T16:49:23.763Z,USER_CREATED,user_3ARTYUOWpud71cTQ6BsXUqbx2gw,INSTITUTION,User,user_3AUN0CsQX0ioLHilYE50F9AxKhm,,,31,32,32,1,0.03125,0,0,1,31,1,0,0,2.56093,0,16,3,high_velocity_1m|wide_target_spread_15m,weak_seed,,0
4d683655-8bf6-4a36-a007-d8fbc5874829,2026-03-04T16:49:24.101Z,USER_CREATED,user_3ARTYUOWpud71cTQ6BsXUqbx2gw,INSTITUTION,User,user_3AUN0GGqrLg1VLMekscgbxQm9re,,,32,33,33,1,0.030303030303030304,0,0,1,32,1,0,0,2.5610238888888888,0,16,3,high_velocity_1m|wide_target_spread_15m,weak_seed,,0
2ac7f32a-93fa-4516-8a73-4ae298fe9c25,2026-03-04T16:49:24.417Z,USER_CREATED,user_3ARTYUOWpud71cTQ6BsXUqbx2gw,INSTITUTION,User,user_3AUN0MhRjiVjxI0xD21SYtRxEe1,,,33,34,34,1,0.029411764705882353,0,0,1,33,1,0,0,2.5611116666666667,0,16,3,high_velocity_1m|wide_target_spread_15m,weak_seed,,0
52f780aa-00a8-4755-b04a-e94a0ef2654f,2026-03-04T16:49:24.751Z,USER_CREATED,user_3ARTYUOWpud71cTQ6BsXUqbx2gw,INSTITUTION,User,user_3AUN0KAdxArd7NriJoTFf0ALhpr,,,34,35,35,1,0.02857142857142857,0,0,1,34,1,0,0,2.5612044444444444,0,16,3,high_velocity_1m|wide_target_spread_15m,weak_seed,,0
4a012875-1ff1-4ec5-8972-6de6ea164596,2026-03-04T16:49:25.062Z,USER_CREATED,user_3ARTYUOWpud71cTQ6BsXUqbx2gw,INSTITUTION,User,user_3AUN0NF0A9MCleeVaQSfKBD7ELd,,,35,36,36,1,0.027777777777777776,0,0,1,35,1,0,0,2.5612908333333335,0,16,3,high_velocity_1m|wide_target_spread_15m,weak_seed,,0
ead0ad1c-a97f-41e6-85af-4e9052e0233b,2026-03-04T16:49:25.384Z,USER_CREATED,user_3ARTYUOWpud71cTQ6BsXUqbx2gw,INSTITUTION,User,user_3AUN0UxARdFuNkYglnWdWi59Q9c,,,36,37,37,1,0.02702702702702703,0,0,1,36,1,0,0,2.561380277777778,0,16,3,high_velocity_1m|wide_target_spread_15m,weak_seed,,0
0828ad4b-ffc8-439a-9572-223eeb602f5c,2026-03-04T16:49:25.731Z,USER_CREATED,user_3ARTYUOWpud71cTQ6BsXUqbx2gw,INSTITUTION,User,user_3AUN0Vy4xMMNizLdL1L3ZCj4rja,,,37,38,38,1,0.02631578947368421,0,0,1,37,1,0,0,2.5614766666666666,0,16,3,high_velocity_1m|wide_target_spread_15m,weak_seed,,0
b84d85d2-b842-4be2-a990-3d8968fc9a8a,2026-03-04T16:49:26.075Z,USER_CREATED,user_3ARTYUOWpud71cTQ6BsXUqbx2gw,INSTITUTION,User,user_3AUN0SFzQNo37kiMofnd9QjxiTD,,,38,39,39,1,0.02564102564102564,0,0,1,38,1,0,0,2.5615722222222224,0,16,3,high_velocity_1m|wide_target_spread_15m,weak_seed,,0
dd4c9ef7-9ac3-428b-8d2c-e2853aa1b162,2026-03-04T16:49:26.406Z,USER_CREATED,user_3ARTYUOWpud71cTQ6BsXUqbx2gw,INSTITUTION,User,user_3AUN0bw0eSqUW4y3IvY92vWZ4en,,,39,40,40,1,0.025,0,0,1,39,1,0,0,2.5616641666666666,0,16,3,high_velocity_1m|wide_target_spread_15m,weak_seed,,0
41920a70-8d8d-4461-8d53-44d21e6ac679,2026-03-04T16:49:26.735Z,USER_CREATED,user_3ARTYUOWpud71cTQ6BsXUqbx2gw,INSTITUTION,User,user_3AUN0dmgf5l1rnaqrIGFmDeNRhD,,,40,41,41,1,0.024390243902439025,0,0,1,40,1,0,0,2.5617555555555556,0,16,3,high_velocity_1m|wide_target_spread_15m,weak_seed,,0
3bb2062a-4649-4b6a-9dcc-9769ca4fc518,2026-03-04T16:49:27.076Z,USER_CREATED,user_3ARTYUOWpud71cTQ6BsXUqbx2gw,INSTITUTION,User,user_3AUN0cwG8YYqBUzB3L6tepN1VLl,,,41,42,42,1,0.023809523809523808,0,0,1,41,1,0,0,2.561850277777778,0,16,3,high_velocity_1m|wide_target_spread_15m,weak_seed,,0
dfb24e2c-d574-4618-997c-4d3451c343e3,2026-03-04T16:49:27.423Z,USER_CREATED,user_3ARTYUOWpud71cTQ6BsXUqbx2gw,INSTITUTION,User,user_3AUN0lQJCPDFbY2Nur6JeNNrFTW,,,42,43,43,1,0.023255813953488372,0,0,1,42,1,0,0,2.5619466666666666,0,16,3,high_velocity_1m|wide_target_spread_15m,weak_seed,,0
585cc34a-afe8-4d41-86dc-9dabc452943c,2026-03-04T16:49:27.773Z,USER_CREATED,user_3ARTYUOWpud71cTQ6BsXUqbx2gw,INSTITUTION,User,user_3AUN0fALBNOfuTAbpeU1gfrSDeF,,,43,44,44,1,0.022727272727272728,0,0,1,43,1,0,0,2.562043888888889,0,16,3,high_velocity_1m|wide_target_spread_15m,weak_seed,,0
20eb6b37-953f-4e33-961e-3323ad1678b8,2026-03-04T16:49:28.116Z,USER_CREATED,user_3ARTYUOWpud71cTQ6BsXUqbx2gw,INSTITUTION,User,user_3AUN0kwNOWYaY5WDR0Ud19ogxSS,,,44,45,45,1,0.022222222222222223,0,0,1,44,1,0,0,2.562139166666667,0,16,3,high_velocity_1m|wide_target_spread_15m,weak_seed,,0
d7ed7b74-5041-45fa-8beb-d704aca8bca5,2026-03-04T16:49:28.427Z,USER_CREATED,user_3ARTYUOWpud71cTQ6BsXUqbx2gw,INSTITUTION,User,user_3AUN0rr6SrQ1V2aVELOa4e3O61k,,,45,46,46,1,0.021739130434782608,0,0,1,45,1,0,0,2.5622255555555555,0,16,3,high_velocity_1m|wide_target_spread_15m,weak_seed,,0
a5f774df-bfa7-43fb-bc89-224db5cdd095,2026-03-04T16:49:28.748Z,USER_CREATED,user_3ARTYUOWpud71cTQ6BsXUqbx2gw,INSTITUTION,User,user_3AUN0rbhz2lToQmxY8N5xGx22Ec,,,46,47,47,1,0.02127659574468085,0,0,1,46,1,0,0,2.5623147222222222,0,16,3,high_velocity_1m|wide_target_spread_15m,weak_seed,,0
faff2a6a-f575-4131-9de6-c7faad7b2064,2026-03-04T16:49:29.073Z,USER_CREATED,user_3ARTYUOWpud71cTQ6BsXUqbx2gw,INSTITUTION,User,user_3AUN0mjam5DgBFL6ObHbayjTfCH,,,47,48,48,1,0.020833333333333332,0,0,1,47,1,0,0,2.562405,0,16,3,high_velocity_1m|wide_target_spread_15m,weak_seed,,0
4e927802-223a-466c-afb0-b6670ca47ef1,2026-03-04T16:49:29.399Z,USER_CREATED,user_3ARTYUOWpud71cTQ6BsXUqbx2gw,INSTITUTION,User,user_3AUN0uDctBp5xfrMeEyoOlrpU9h,,,48,49,49,1,0.02040816326530612,0,0,1,48,1,0,0,2.5624955555555555,0,16,3,high_velocity_1m|wide_target_spread_15m,weak_seed,,0
dc6fee66-388d-48e9-a5aa-211393d4b30a,2026-03-04T16:49:29.706Z,USER_CREATED,user_3ARTYUOWpud71cTQ6BsXUqbx2gw,INSTITUTION,User,user_3AUN0ySZpomDuT6oJEkGVV3xe96,,,49,50,50,1,0.02,0,0,1,49,1,0,0,2.5625808333333335,0,16,3,high_velocity_1m|wide_target_spread_15m,weak_seed,,0
d7d6bb77-d51b-4c1f-85fb-939765a26977,2026-03-04T16:49:30.053Z,USER_CREATED,user_3ARTYUOWpud71cTQ6BsXUqbx2gw,INSTITUTION,User,user_3AUN0wa2L8UQbWULHCLRQMqZ6SB,,,50,51,51,1,0.0196078431372549,0,0,1,50,1,0,0,2.5626772222222223,0,16,3,high_velocity_1m|wide_target_spread_15m,weak_seed,,0
1209d631-9310-42a9-aaf5-8aebace3fd37,2026-03-04T16:49:30.397Z,USER_CREATED,user_3ARTYUOWpud71cTQ6BsXUqbx2gw,INSTITUTION,User,user_3AUN139ns4uFXSt5FpPAvX5pVOh,,,51,52,52,1,0.019230769230769232,0,0,1,51,1,0,0,2.5627727777777776,0,16,3,high_velocity_1m|wide_target_spread_15m,weak_seed,,0
a3e97302-81f2-4894-a275-ca4b2e865e84,2026-03-04T16:49:30.759Z,USER_CREATED,user_3ARTYUOWpud71cTQ6BsXUqbx2gw,INSTITUTION,User,user_3AUN18CQIRoRu5Q6YeYYdpSpWSi,,,52,53,53,1,0.018867924528301886,0,0,1,52,1,0,0,2.562873333333333,0,16,3,high_velocity_1m|wide_target_spread_15m,weak_seed,,0
18885f43-0372-499c-a995-84263a47e15a,2026-03-04T16:49:31.104Z,USER_CREATED,user_3ARTYUOWpud71cTQ6BsXUqbx2gw,INSTITUTION,User,user_3AUN16nV8AQr95TQ9sQCLfwBftS,,,53,54,54,1,0.018518518518518517,0,0,1,53,1,0,0,2.5629691666666665,0,16,3,high_velocity_1m|wide_target_spread_15m,weak_seed,,0
313f2ef5-67bd-4578-bb2f-21c6707eced6,2026-03-04T16:49:31.417Z,USER_CREATED,user_3ARTYUOWpud71cTQ6BsXUqbx2gw,INSTITUTION,User,user_3AUN1D6oEFRmP7OW4UXL4Pq7uhc,,,54,55,55,1,0.01818181818181818,0,0,1,54,1,0,0,2.563056111111111,0,16,3,high_velocity_1m|wide_target_spread_15m,weak_seed,,0
4532e9ac-e8a5-41e4-b2a9-9a9d4d142d43,2026-03-04T16:49:31.739Z,USER_CREATED,user_3ARTYUOWpud71cTQ6BsXUqbx2gw,INSTITUTION,User,user_3AUN1C0zjiWsT8YR527KOD9Ew2k,,,55,56,56,1,0.017857142857142856,0,0,1,55,1,0,0,2.5631455555555553,0,16,3,high_velocity_1m|wide_target_spread_15m,weak_seed,,0
72667af2-f606-4d0c-b50b-d48898fca155,2026-03-04T16:49:32.090Z,USER_CREATED,user_3ARTYUOWpud71cTQ6BsXUqbx2gw,INSTITUTION,User,user_3AUN1BG5Gr3eVlzfam2ZrE7H3KE,,,56,57,57,1,0.017543859649122806,0,0,1,56,1,0,0,2.5632430555555556,0,16,3,high_velocity_1m|wide_target_spread_15m,weak_seed,,0
ea7b4e93-3c2c-4695-bd1f-984d6b9e4b90,2026-03-04T16:49:32.414Z,USER_CREATED,user_3ARTYUOWpud71cTQ6BsXUqbx2gw,INSTITUTION,User,user_3AUN1MT3Pa3Vz1tVm88GCfIPpwM,,,57,58,58,1,0.017241379310344827,0,0,1,57,1,0,0,2.5633330555555554,0,16,3,high_velocity_1m|wide_target_spread_15m,weak_seed,,0
a679da5d-7a76-461c-b58f-11950c4dc1b9,2026-03-04T16:49:33.020Z,USER_CREATED,user_3ARTYUOWpud71cTQ6BsXUqbx2gw,INSTITUTION,User,user_3AUN1KI20JW2uJrOUrBuYg4wR5K,,,58,59,59,1,0.01694915254237288,0,0,1,58,1,0,0,2.5635013888888887,0,16,3,high_velocity_1m|wide_target_spread_15m,weak_seed,,0
521de322-ab50-4e8a-913c-74afbb751f36,2026-03-04T16:49:33.424Z,USER_CREATED,user_3ARTYUOWpud71cTQ6BsXUqbx2gw,INSTITUTION,User,user_3AUN1S5X2FoOQihnfEroMns7gN4,,,59,60,60,1,0.016666666666666666,0,0,1,59,1,0,0,2.563613611111111,0,16,3,high_velocity_1m|wide_target_spread_15m,weak_seed,,0
5df0b25e-1f06-47e4-a032-6fcc8aaa1193,2026-03-04T16:49:33.808Z,USER_CREATED,user_3ARTYUOWpud71cTQ6BsXUqbx2gw,INSTITUTION,User,user_3AUN1UZoo5dzFJioniBn8WZyyq9,,,60,61,61,1,0.01639344262295082,0,0,1,60,1,0,0,2.5637202777777777,0,16,3,high_velocity_1m|wide_target_spread_15m,weak_seed,,0
f486f981-b9ba-428c-914d-af37e5a4cf77,2026-03-04T16:49:34.191Z,USER_CREATED,user_3ARTYUOWpud71cTQ6BsXUqbx2gw,INSTITUTION,User,user_3AUN1VG3Rf6wWsNbBJ8apEJTIuJ,,,61,62,62,1,0.016129032258064516,0,0,1,61,1,0,0,2.5638266666666665,0,16,3,high_velocity_1m|wide_target_spread_15m,weak_seed,,0
d16e236c-8599-4219-a1a6-46ef19a54b8b,2026-03-04T16:49:34.592Z,USER_CREATED,user_3ARTYUOWpud71cTQ6BsXUqbx2gw,INSTITUTION,User,user_3AUN1e1cwuTwtVhIy9Fr783rc7u,,,62,63,63,1,0.015873015873015872,0,0,1,62,1,0,0,2.5639380555555555,0,16,3,high_velocity_1m|wide_target_spread_15m,weak_seed,,0
659ced23-8687-463f-942f-addfca598166,2026-03-04T16:49:35.031Z,USER_CREATED,user_3ARTYUOWpud71cTQ6BsXUqbx2gw,INSTITUTION,User,user_3AUN1coXsBrHDhtTM2F0bwL80Nt,,,63,64,64,1,0.015625,0,0,1,63,1,0,0,2.56406,0,16,3,high_velocity_1m|wide_target_spread_15m,weak_seed,,0
ecaba8a4-7fde-44ed-b6eb-6fc9707322db,2026-03-04T16:49:35.532Z,USER_CREATED,user_3ARTYUOWpud71cTQ6BsXUqbx2gw,INSTITUTION,User,user_3AUN1j47JYG6Yk2XdlW1zk0n7uq,,,64,65,65,1,0.015384615384615385,0,0,1,64,1,0,0,2.5641991666666666,0,16,3,high_velocity_1m|wide_target_spread_15m,weak_seed,,0
65e90371-c6aa-4efd-9a70-f75d8948add1,2026-03-04T16:49:35.948Z,USER_CREATED,user_3ARTYUOWpud71cTQ6BsXUqbx2gw,INSTITUTION,User,user_3AUN1jZgNZbQ3w08nTHEMolq5XA,,,65,66,66,1,0.015151515151515152,0,0,1,65,1,0,0,2.564314722222222,0,16,3,high_velocity_1m|wide_target_spread_15m,weak_seed,,0
aca28d5a-2062-4563-9fc7-1566f3fd667f,2026-03-04T16:49:36.369Z,USER_CREATED,user_3ARTYUOWpud71cTQ6BsXUqbx2gw,INSTITUTION,User,user_3AUN1q2k3awxaXg3QeK8m9vt7KQ,,,66,67,67,1,0.014925373134328358,0,0,1,66,1,0,0,2.5644316666666667,0,16,3,high_velocity_1m|wide_target_spread_15m,weak_seed,,0
b4475a19-7a56-4e6a-9207-fc97367b2cd2,2026-03-04T16:49:36.797Z,USER_CREATED,user_3ARTYUOWpud71cTQ6BsXUqbx2gw,INSTITUTION,User,user_3AUN1swUMU6TP27n59rx6nQWcUT,,,67,68,68,1,0.014705882352941176,0,0,1,67,1,0,0,2.5645505555555554,0,16,3,high_velocity_1m|wide_target_spread_15m,weak_seed,,0
3e65627c-8cbd-4a10-9d4f-2a4d260e1ee2,2026-03-04T16:49:37.184Z,USER_CREATED,user_3ARTYUOWpud71cTQ6BsXUqbx2gw,INSTITUTION,User,user_3AUN1mrhcyWyrdKVqg2dp9vgTAk,,,68,69,69,1,0.014492753623188406,0,0,1,68,1,0,0,2.5646580555555554,0,16,3,high_velocity_1m|wide_target_spread_15m,weak_seed,,0
e5abd48e-a1cd-431f-9097-1f2ee0966726,2026-03-04T16:49:37.571Z,USER_CREATED,user_3ARTYUOWpud71cTQ6BsXUqbx2gw,INSTITUTION,User,user_3AUN1zOQ3gi74dnNSiygQ3XmTp9,,,69,70,70,1,0.014285714285714285,0,0,1,69,1,0,0,2.5647655555555557,0,16,3,high_velocity_1m|wide_target_spread_15m,weak_seed,,0
9412dc5d-f266-4d58-90f2-8ffe9ca3a447,2026-03-04T16:49:38.197Z,USER_CREATED,user_3ARTYUOWpud71cTQ6BsXUqbx2gw,INSTITUTION,User,user_3AUN1vMPR1EVDXF0VVEcoHv3WQs,,,70,71,71,1,0.014084507042253521,0,0,1,70,1,0,0,2.5649394444444447,0,16,3,high_velocity_1m|wide_target_spread_15m,weak_seed,,0
4f2a5c7e-4e54-4d4e-988d-c412ccb8e791,2026-03-04T16:49:38.594Z,USER_CREATED,user_3ARTYUOWpud71cTQ6BsXUqbx2gw,INSTITUTION,User,user_3AUN27THYDJ1uR3hwuHhhJbhWDd,,,71,72,72,1,0.013888888888888888,0,0,1,71,1,0,0,2.565049722222222,0,16,3,high_velocity_1m|wide_target_spread_15m,weak_seed,,0
32b9c2cb-2f28-4099-942c-aece097cf12b,2026-03-04T16:49:38.961Z,USER_CREATED,user_3ARTYUOWpud71cTQ6BsXUqbx2gw,INSTITUTION,User,user_3AUN24zOrUOSfZDiFQFkE0lwhEI,,,72,73,73,1,0.0136986301369863,0,0,1,72,1,0,0,2.5651516666666665,0,16,3,high_velocity_1m|wide_target_spread_15m,weak_seed,,0
9ba0414f-0a6f-4db8-abb4-f4dee138863f,2026-03-04T16:49:39.339Z,USER_CREATED,user_3ARTYUOWpud71cTQ6BsXUqbx2gw,INSTITUTION,User,user_3AUN2AnKdgFrBH1dgoe5KazampN,,,73,74,74,1,0.013513513513513514,0,0,1,73,1,0,0,2.5652566666666665,0,16,3,high_velocity_1m|wide_target_spread_15m,weak_seed,,0
3e547388-69a1-4ab7-b898-157d2819de97,2026-03-04T16:49:39.750Z,USER_CREATED,user_3ARTYUOWpud71cTQ6BsXUqbx2gw,INSTITUTION,User,user_3AUN2F1M7bAiKE3dcuKIXZW5f5f,,,74,75,75,1,0.013333333333333334,0,0,1,74,1,0,0,2.565370833333333,0,16,3,high_velocity_1m|wide_target_spread_15m,weak_seed,,0
748a87c5-4915-47a3-8918-1c8a7926e12e,2026-03-04T16:49:40.144Z,USER_CREATED,user_3ARTYUOWpud71cTQ6BsXUqbx2gw,INSTITUTION,User,user_3AUN2AIVaMjnsTdjhRJ3GrEoJeA,,,75,76,76,1,0.013157894736842105,0,0,1,75,1,0,0,2.5654802777777777,0,16,3,high_velocity_1m|wide_target_spread_15m,weak_seed,,0
9a4a62bc-4c04-4c6d-804e-ae64ccb59835,2026-03-04T16:49:40.549Z,USER_CREATED,user_3ARTYUOWpud71cTQ6BsXUqbx2gw,INSTITUTION,User,user_3AUN2HqxmdQzIoP0SkQJDRXBuh9,,,76,77,77,1,0.012987012987012988,0,0,1,76,1,0,0,2.565592777777778,0,16,3,high_velocity_1m|wide_target_spread_15m,weak_seed,,0
97cae27c-c0f4-4636-ad27-8f8821a0d83d,2026-03-04T16:49:40.970Z,USER_CREATED,user_3ARTYUOWpud71cTQ6BsXUqbx2gw,INSTITUTION,User,user_3AUN2MxLaK8DQYnt1cv8fZWUz6a,,,77,78,78,1,0.01282051282051282,0,0,1,77,1,0,0,2.565709722222222,0,16,3,high_velocity_1m|wide_target_spread_15m,weak_seed,,0
f02d008a-95f1-4257-a134-aa66eb34367b,2026-03-04T16:49:41.376Z,USER_CREATED,user_3ARTYUOWpud71cTQ6BsXUqbx2gw,INSTITUTION,User,user_3AUN2SHTUJrOgp1HEmjyNj2ZThW,,,78,79,79,1,0.012658227848101266,0,0,1,78,1,0,0,2.5658225,0,16,3,high_velocity_1m|wide_target_spread_15m,weak_seed,,0
917be668-c2c4-4367-8c24-40090c973bb5,2026-03-04T16:49:41.793Z,USER_CREATED,user_3ARTYUOWpud71cTQ6BsXUqbx2gw,INSTITUTION,User,user_3AUN2VqI73gVhDJyJEwSvHo6gy1,,,79,80,80,1,0.0125,0,0,1,79,1,0,0,2.5659383333333334,0,16,3,high_velocity_1m|wide_target_spread_15m,weak_seed,,0
f5bff576-7ada-49d0-a236-b6e10b9c5e72,2026-03-04T16:49:42.217Z,USER_CREATED,user_3ARTYUOWpud71cTQ6BsXUqbx2gw,INSTITUTION,User,user_3AUN2TYlW5bPl6wBm1rA0bPENfF,,,80,81,81,1,0.012345679012345678,0,0,1,80,1,0,0,2.566056111111111,0,16,3,high_velocity_1m|wide_target_spread_15m,weak_seed,,0
e06f05a9-b461-4e20-8103-fe4081e74b18,2026-03-04T16:49:42.625Z,USER_CREATED,user_3ARTYUOWpud71cTQ6BsXUqbx2gw,INSTITUTION,User,user_3AUN2dc1dk0c55MOzdB8kpsoITD,,,81,82,82,1,0.012195121951219513,0,0,1,81,1,0,0,2.5661694444444443,0,16,3,high_velocity_1m|wide_target_spread_15m,weak_seed,,0
6d30e81b-b0ed-441a-9f93-e8ac534e4949,2026-03-04T16:49:43.274Z,USER_CREATED,user_3ARTYUOWpud71cTQ6BsXUqbx2gw,INSTITUTION,User,user_3AUN2XJUng9RsPFLfa1ipUIGjQ2,,,82,83,83,1,0.012048192771084338,0,0,1,82,1,0,0,2.5663497222222222,0,16,3,high_velocity_1m|wide_target_spread_15m,weak_seed,,0
19a06e23-f2cf-4906-bab8-ade28b7f1ad7,2026-03-04T16:49:43.694Z,USER_CREATED,user_3ARTYUOWpud71cTQ6BsXUqbx2gw,INSTITUTION,User,user_3AUN2jr0o5PVG0CbwmLqFAxmSZl,,,83,84,84,1,0.011904761904761904,0,0,1,83,1,0,0,2.566466388888889,0,16,3,high_velocity_1m|wide_target_spread_15m,weak_seed,,0
f98ad356-7157-4482-bcb4-0a67753430a2,2026-03-04T16:49:44.101Z,USER_CREATED,user_3ARTYUOWpud71cTQ6BsXUqbx2gw,INSTITUTION,User,user_3AUN2hVonmH6nPocPZLai0kOymv,,,84,85,85,1,0.011764705882352941,0,0,1,84,1,0,0,2.5665794444444443,0,16,3,high_velocity_1m|wide_target_spread_15m,weak_seed,,0
26aaa4fb-8e6b-43e6-9c27-76a5cf70acc2,2026-03-04T16:49:44.464Z,USER_CREATED,user_3ARTYUOWpud71cTQ6BsXUqbx2gw,INSTITUTION,User,user_3AUN2oU32ByY3j3zC9h9uoKc4hl,,,85,86,86,1,0.011627906976744186,0,0,1,85,1,0,0,2.566680277777778,0,16,3,high_velocity_1m|wide_target_spread_15m,weak_seed,,0
79d7c827-d713-4011-8aad-636522564b92,2026-03-04T16:49:44.885Z,USER_CREATED,user_3ARTYUOWpud71cTQ6BsXUqbx2gw,INSTITUTION,User,user_3AUN2rRGQdgYozX3iFxFKBiqyEr,,,86,87,87,1,0.011494252873563218,0,0,1,86,1,0,0,2.566797222222222,0,16,3,high_velocity_1m|wide_target_spread_15m,weak_seed,,0
cc0e54b7-7783-48aa-a4f2-ce1b0421959e,2026-03-04T16:49:45.293Z,USER_CREATED,user_3ARTYUOWpud71cTQ6BsXUqbx2gw,INSTITUTION,User,user_3AUN2pjVHcN2nVcrHrZRBDCqrMO,,,87,88,88,1,0.011363636363636364,0,0,1,87,1,0,0,2.5669105555555554,0,16,3,high_velocity_1m|wide_target_spread_15m,weak_seed,,0
5972ee84-c928-49c3-984e-a30ae0b7e3e7,2026-03-04T16:49:45.667Z,USER_CREATED,user_3ARTYUOWpud71cTQ6BsXUqbx2gw,INSTITUTION,User,user_3AUN2uL4o386YAYs7rXcBT4TdmM,,,88,89,89,1,0.011235955056179775,0,0,1,88,1,0,0,2.5670144444444443,0,16,3,high_velocity_1m|wide_target_spread_15m,weak_seed,,0
441490f7-1a79-4606-86c9-9f45aa934266,2026-03-04T16:49:46.068Z,USER_CREATED,user_3ARTYUOWpud71cTQ6BsXUqbx2gw,INSTITUTION,User,user_3AUN2vQv037dhuAcaBMBce8PYj7,,,89,90,90,1,0.011111111111111112,0,0,1,89,1,0,0,2.5671258333333333,0,16,3,high_velocity_1m|wide_target_spread_15m,weak_seed,,0
21c2f787-9f93-49b1-902b-3120c29aca61,2026-03-04T16:49:46.430Z,USER_CREATED,user_3ARTYUOWpud71cTQ6BsXUqbx2gw,INSTITUTION,User,user_3AUN32sKUy9hGtGi3sfsZ1fkl4A,,,90,91,91,1,0.01098901098901099,0,0,1,90,1,0,0,2.567226388888889,0,16,3,high_velocity_1m|wide_target_spread_15m,weak_seed,,0
c659d7d8-2c00-4d43-b0fd-4587060cbcce,2026-03-04T16:49:46.841Z,USER_CREATED,user_3ARTYUOWpud71cTQ6BsXUqbx2gw,INSTITUTION,User,user_3AUN366WMXRA3VXuXNtEUpKnTzw,,,91,92,92,1,0.010869565217391304,0,0,1,91,1,0,0,2.5673405555555555,0,16,3,high_velocity_1m|wide_target_spread_15m,weak_seed,,0
9fbad17b-17b9-48ec-98e2-b2a322e7e46e,2026-03-04T16:49:47.225Z,USER_CREATED,user_3ARTYUOWpud71cTQ6BsXUqbx2gw,INSTITUTION,User,user_3AUN36TSwtgchIejSJVu1XYlRmb,,,92,93,93,1,0.010752688172043012,0,0,1,92,1,0,0,2.5674472222222224,0,16,3,high_velocity_1m|wide_target_spread_15m,weak_seed,,0
154ac807-3fbd-48cf-8f1d-6bcb37f3757e,2026-03-04T16:49:47.636Z,USER_CREATED,user_3ARTYUOWpud71cTQ6BsXUqbx2gw,INSTITUTION,User,user_3AUN3FmnPQLsHwruFZ1SlCa3rgJ,,,93,94,94,1,0.010638297872340425,0,0,1,93,1,0,0,2.567561388888889,0,16,3,high_velocity_1m|wide_target_spread_15m,weak_seed,,0
abcefc76-bb69-44d0-a83d-b0f8bf3161ab,2026-03-04T16:49:48.048Z,USER_CREATED,user_3ARTYUOWpud71cTQ6BsXUqbx2gw,INSTITUTION,User,user_3AUN3GAhtPFdnWMOQOBWglV23nk,,,94,95,95,1,0.010526315789473684,0,0,1,94,1,0,0,2.5676758333333334,0,16,3,high_velocity_1m|wide_target_spread_15m,weak_seed,,0
878c5848-c529-41e5-9d3b-d8d04a12e821,2026-03-04T16:49:48.473Z,USER_CREATED,user_3ARTYUOWpud71cTQ6BsXUqbx2gw,INSTITUTION,User,user_3AUN3OPEx3ZLSzF8bXsUAoDVQ6z,,,95,96,96,1,0.010416666666666666,0,0,1,95,1,0,0,2.5677938888888887,0,16,3,high_velocity_1m|wide_target_spread_15m,weak_seed,,0
4065951e-e1cf-4373-a820-18f48beb12e0,2026-03-04T16:49:48.850Z,USER_CREATED,user_3ARTYUOWpud71cTQ6BsXUqbx2gw,INSTITUTION,User,user_3AUN3IveE9J16Nbw3VcPSAAkkff,,,96,97,97,1,0.010309278350515464,0,0,1,96,1,0,0,2.567898611111111,0,16,3,high_velocity_1m|wide_target_spread_15m,weak_seed,,0
6dc90c52-840b-4cbe-bf04-1a647cb347b9,2026-03-04T16:51:56.130Z,ACCESS_GRANTED,user_3ARTYUOWpud71cTQ6BsXUqbx2gw,INSTITUTION,CredentialDocument,87d1151e-c80f-4515-883f-898aa8fecf8b,,,0,97,98,1,0.01020408163265306,0,0,1,97,1,0,0,2.603254166666667,0,16,3,wide_target_spread_15m,weak_seed,,0
7a8da5e5-428a-446f-bd29-10231bcfd463,2026-03-04T17:30:23.107Z,SETTINGS_CHANGED,user_3ARTYUOWpud71cTQ6BsXUqbx2gw,INSTITUTION,User,user_3AUN3OPEx3ZLSzF8bXsUAoDVQ6z,,,0,0,0,0,0,0,0,0,0,0,0,0,3.244081111111111,0,17,3,,weak_seed,,0
c45a5c79-22d8-45a5-9a4b-ecc55a63b8b1,2026-03-04T17:30:23.178Z,SETTINGS_CHANGED,user_3ARTYUOWpud71cTQ6BsXUqbx2gw,INSTITUTION,User,user_3AUN3OPEx3ZLSzF8bXsUAoDVQ6z,,,1,1,1,0,0,0,0,0,1,0,0,0,3.2441008333333334,0,17,3,,weak_seed,,0
478ec28f-cb23-40f1-b7aa-a4a43ecdbac9,2026-03-04T17:30:43.415Z,SETTINGS_CHANGED,user_3ARTYUOWpud71cTQ6BsXUqbx2gw,INSTITUTION,User,user_3AUN3IveE9J16Nbw3VcPSAAkkff,,,2,2,2,0,0,0,0,0,1,0,0,0,3.249722222222222,0,17,3,,weak_seed,,0
1fee60a0-2d29-486a-a620-45448b55a293,2026-03-04T17:30:49.534Z,SETTINGS_CHANGED,user_3ARTYUOWpud71cTQ6BsXUqbx2gw,INSTITUTION,User,user_3AUN3IveE9J16Nbw3VcPSAAkkff,,,3,3,3,0,0,0,0,0,2,0,0,0,3.2514219444444445,0,17,3,,weak_seed,,0
ef631820-85ca-4525-980b-2577e9fe5e4e,2026-03-04T17:30:54.535Z,SETTINGS_CHANGED,user_3ARTYUOWpud71cTQ6BsXUqbx2gw,INSTITUTION,User,user_3AUN3IveE9J16Nbw3VcPSAAkkff,,,4,4,4,0,0,0,0,0,2,0,0,0,3.2528111111111113,0,17,3,,weak_seed,,0
50638a76-582b-44e9-a473-b674bd2be08f,2026-03-04T17:32:31.420Z,USER_SUSPENDED,user_3ARTYUOWpud71cTQ6BsXUqbx2gw,INSTITUTION,User,user_3AUN3IveE9J16Nbw3VcPSAAkkff,,,0,5,5,0,0,0,0,0,2,0,0,0,3.279723611111111,0,17,3,,weak_seed,,0
ada18dd3-5278-4829-bee2-d5c0fa0041cd,2026-03-04T17:32:39.076Z,USER_APPROVED,user_3ARTYUOWpud71cTQ6BsXUqbx2gw,INSTITUTION,User,user_3AUN3IveE9J16Nbw3VcPSAAkkff,,,1,6,6,0,0,0,0,0,2,0,0,0,3.2818502777777776,0,17,3,,weak_seed,,0
8846377a-e888-4d60-bccd-6006dd2e6655,2026-03-04T17:46:32.563Z,ACCESS_GRANTED,user_3ARTYUOWpud71cTQ6BsXUqbx2gw,INSTITUTION,CredentialDocument,87d1151e-c80f-4515-883f-898aa8fecf8b,,,0,0,2,0,0,0,0,0,1,0,0,0,3.5133744444444446,0,17,3,,weak_seed,,0
53e102bb-0aad-452d-b9a3-2701840079e8,2026-03-04T17:46:39.168Z,ACCESS_GRANTED,user_3ARTYUOWpud71cTQ6BsXUqbx2gw,INSTITUTION,CredentialDocument,87d1151e-c80f-4515-883f-898aa8fecf8b,,,1,1,3,0,0,0,0,0,2,0,0,0,3.5152091666666667,0,17,3,,weak_seed,,0
4af931e3-46ab-44c2-9ba3-d078d3536d3f,2026-03-04T17:46:39.237Z,ACCESS_GRANTED,user_3ARTYUOWpud71cTQ6BsXUqbx2gw,INSTITUTION,CredentialDocument,87d1151e-c80f-4515-883f-898aa8fecf8b,,,2,2,4,0,0,0,0,0,2,0,0,0,3.5152283333333334,0,17,3,,weak_seed,,0
ba20812e-71a6-4ce5-b08b-0e20f1b110b4,2026-03-04T17:46:43.318Z,ACCESS_GRANTED,user_3ARTYUOWpud71cTQ6BsXUqbx2gw,INSTITUTION,CredentialDocument,87d1151e-c80f-4515-883f-898aa8fecf8b,,,3,3,5,0,0,0,0,0,2,0,0,0,3.5163619444444443,0,17,3,,weak_seed,,0
2571475b-488c-442a-9f14-00d4ce4d55bf,2026-03-04T17:46:43.667Z,ACCESS_GRANTED,user_3ARTYUOWpud71cTQ6BsXUqbx2gw,INSTITUTION,CredentialDocument,87d1151e-c80f-4515-883f-898aa8fecf8b,,,4,4,6,0,0,0,0,0,2,0,0,0,3.516458888888889,0,17,3,,weak_seed,,0
74e81fb4-6cf8-4b66-8172-231bab3f86e3,2026-03-05T02:37:58.517Z,USER_DELETED,user_3ARTYUOWpud71cTQ6BsXUqbx2gw,INSTITUTION,User,user_3AUN3IveE9J16Nbw3VcPSAAkkff,,,0,0,0,0,0,0,0,0,0,0,0,0,12.37058388888889,0,2,4,,weak_seed,,0
26a74492-57cd-4990-ac0b-741e222ed7f2,2026-03-05T02:38:01.280Z,USER_DELETED,user_3ARTYUOWpud71cTQ6BsXUqbx2gw,INSTITUTION,User,user_3AUN3GAhtPFdnWMOQOBWglV23nk,,,1,1,1,0,0,0,0,0,1,0,0,0,12.37135138888889,0,2,4,,weak_seed,,0
6bc36351-034c-459e-a525-63d7b0652c5a,2026-03-05T02:38:05.432Z,USER_DELETED,user_3ARTYUOWpud71cTQ6BsXUqbx2gw,INSTITUTION,User,user_3AUN3OPEx3ZLSzF8bXsUAoDVQ6z,,,2,2,2,0,0,0,0,0,2,0,0,0,12.372504722222223,0,2,4,,weak_seed,,0
5c8e4387-3ec7-4703-a280-9e2eb6b252fa,2026-03-05T02:38:10.644Z,USER_DELETED,user_3ARTYUOWpud71cTQ6BsXUqbx2gw,INSTITUTION,User,user_3AUN3FmnPQLsHwruFZ1SlCa3rgJ,,,3,3,3,0,0,0,0,0,3,0,0,0,12.3739525,0,2,4,,weak_seed,,0
952ffe9a-c506-4857-b4df-91de5089ece1,2026-03-05T02:38:41.404Z,USER_DELETED,user_3ARTYUOWpud71cTQ6BsXUqbx2gw,INSTITUTION,User,user_3AUN24zOrUOSfZDiFQFkE0lwhEI,,,4,4,4,0,0,0,0,0,4,0,0,0,12.382496944444444,0,2,4,,weak_seed,,0
bb28de74-5469-42e8-98f7-3712971dc1e8,2026-03-05T02:38:46.510Z,USER_DELETED,user_3ARTYUOWpud71cTQ6BsXUqbx2gw,INSTITUTION,User,user_3AUN1vMPR1EVDXF0VVEcoHv3WQs,,,5,5,5,0,0,0,0,0,5,0,0,0,12.383915277777778,0,2,4,wide_target_spread_15m,weak_seed,,0
f43da78f-3dd8-41b5-baee-97d10754c4f7,2026-03-05T02:39:29.664Z,USER_DELETED,user_3ARTYUOWpud71cTQ6BsXUqbx2gw,INSTITUTION,User,user_3AUN2VqI73gVhDJyJEwSvHo6gy1,,,2,6,6,0,0,0,0,0,6,0,0,0,12.3959025,0,2,4,wide_target_spread_15m,weak_seed,,0
7d417d6a-2033-410b-9323-bb0b62c52f9a,2026-03-08T03:50:42.919Z,ACCESS_GRANTED,user_3ARUCOW5gGenxgJXVjwpU7LanPc,STUDENT,CredentialDocument,87d1151e-c80f-4515-883f-898aa8fecf8b,,,0,0,0,0,0,0,0,0,0,0,0,0,85.59033916666667,0,3,0,,weak_seed,,0
8b6a096b-b3f3-420c-a4a5-fd4205cbf60b,2026-03-08T03:50:42.960Z,ACCESS_GRANTED,user_3ARUCOW5gGenxgJXVjwpU7LanPc,STUDENT,CredentialDocument,87d1151e-c80f-4515-883f-898aa8fecf8b,,,1,1,1,0,0,0,0,0,1,0,0,0,85.59035055555556,0,3,0,,weak_seed,,0
4f98f052-b242-4066-a88a-dc00644a8611,2026-03-08T03:50:59.945Z,REQUEST_RECEIPT_GENERATED,user_3ARUCOW5gGenxgJXVjwpU7LanPc,STUDENT,CredentialRequest,95039165-bcc3-458f-abfc-e6c39b02ea6c,,,2,2,2,0,0,0,0,0,1,0,0,0,85.59506861111112,0,3,0,,weak_seed,,0
04d1e24e-8b5f-4a18-9ff0-c35d6696a613,2026-03-08T03:51:23.013Z,REQUEST_RECEIPT_GENERATED,user_3ARUCOW5gGenxgJXVjwpU7LanPc,STUDENT,CredentialRequest,95039165-bcc3-458f-abfc-e6c39b02ea6c,,,3,3,3,0,0,0,0,0,2,0,0,0,85.60147638888888,0,3,0,,weak_seed,,0
17fbbdb7-7151-49f5-b617-84c31b894815,2026-03-08T03:51:36.332Z,ACCESS_GRANTED,user_3ARUCOW5gGenxgJXVjwpU7LanPc,STUDENT,CredentialDocument,87d1151e-c80f-4515-883f-898aa8fecf8b,,,4,4,4,0,0,0,0,0,2,0,0,0,85.6051761111111,0,3,0,,weak_seed,,0
2d47da16-9ae9-4592-a253-58b1c3adad22,2026-03-08T03:51:36.361Z,ACCESS_GRANTED,user_3ARUCOW5gGenxgJXVjwpU7LanPc,STUDENT,CredentialDocument,87d1151e-c80f-4515-883f-898aa8fecf8b,,,5,5,5,0,0,0,0,0,2,0,0,0,85.60518416666666,0,3,0,,weak_seed,,0
c69db005-5ba9-4cf0-b807-b02c2925ff68,2026-03-08T03:51:46.730Z,ACCESS_GRANTED,user_3ARUCOW5gGenxgJXVjwpU7LanPc,STUDENT,CredentialDocument,87d1151e-c80f-4515-883f-898aa8fecf8b,,,4,6,6,0,0,0,0,0,2,0,0,0,85.60806444444444,0,3,0,,weak_seed,,0
bf3e6159-791c-4561-b117-de34ec3a9d2f,2026-03-08T03:51:46.809Z,ACCESS_GRANTED,user_3ARUCOW5gGenxgJXVjwpU7LanPc,STUDENT,CredentialDocument,87d1151e-c80f-4515-883f-898aa8fecf8b,,,5,7,7,0,0,0,0,0,2,0,0,0,85.60808638888889,0,3,0,,weak_seed,,0
1f422624-9c81-46a2-9de7-c1489248a1c9,2026-03-08T03:51:48.214Z,ACCESS_GRANTED,user_3ARUCOW5gGenxgJXVjwpU7LanPc,STUDENT,CredentialDocument,87d1151e-c80f-4515-883f-898aa8fecf8b,,,6,8,8,0,0,0,0,0,2,0,0,0,85.60847666666666,0,3,0,,weak_seed,,0
4301548d-80dd-4319-ad82-13a09235ae6c,2026-03-08T03:51:48.546Z,ACCESS_GRANTED,user_3ARUCOW5gGenxgJXVjwpU7LanPc,STUDENT,CredentialDocument,87d1151e-c80f-4515-883f-898aa8fecf8b,,,7,9,9,0,0,0,0,0,2,0,0,0,85.60856888888888,0,3,0,,weak_seed,,0
895a768c-a818-492d-b35f-711962033620,2026-03-08T03:52:45.936Z,ACCESS_GRANTED,user_3ARUCOW5gGenxgJXVjwpU7LanPc,STUDENT,CredentialDocument,87d1151e-c80f-4515-883f-898aa8fecf8b,,,4,10,10,0,0,0,0,0,2,0,0,0,85.62451055555556,0,3,0,,weak_seed,,0
ff2b7002-5684-432c-8c9c-fed3c12b7ab4,2026-03-08T03:52:45.972Z,ACCESS_GRANTED,user_3ARUCOW5gGenxgJXVjwpU7LanPc,STUDENT,CredentialDocument,87d1151e-c80f-4515-883f-898aa8fecf8b,,,5,11,11,0,0,0,0,0,2,0,0,0,85.62452055555555,0,3,0,,weak_seed,,0